Boar Stud,Inventory,Target,Inventory to target,actual,target,Missed Index,WeekCommencing,yrwk,Average Days Rest,Standard Deviation,Total Boars,Boars Trained Within 14 Days,Percent Trained,Semen Quality Cull Errors,Will Not Train Errors,Index Cull Errors,Removal Reason Errors,IScore,TScore,RScore,CScore,Total
MB 7081,191,200,95.5,105.1217188,105.1465777,0.033686559,19450,202314,7.354609929,2.14187752,46,41,89.13043478,11,0,0,11,4,2,2,0,8
MB 7082,198,200,99,105.6438385,105.6438385,0.014705882,19450,202314,7.392473118,2.021973163,71,71,100,16,0,0,16,4,3,2,0,9
MB 7092,395,250,158,103.7465182,103.7494453,0.002927007,19450,202314,7.511904762,2.639511703,68,65,95.58823529,23,0,0,23,4,3,2,0,9
MB 7093,460,450,102.2222222,105.8574266,105.8587561,0.001329567,19450,202314,8.578680203,3.11691638,110,110,100,8,0,0,8,4,3,1,0,8
MB 7094,375,450,83.33333333,106.0024181,106.12895,0.1265319,19450,202314,7.305475504,1.436135225,389,328,84.31876607,0,0,0,0,3,2,2,1,8
MBW Cimarron,377,399,94.48621554,107.3737462,107.570865,0.197118741,19450,202314,6.919354839,1.91821778,202,172,85.14851485,15,5,25,45,3,2,2,0,7
MBW Cyclone,348,403,86.35235732,103.0909308,103.5335407,0.397559848,19450,202314,11.31268437,5.627188715,100,90,90,3,0,0,3,1,3,0,0,4
MBW Yuma,152,203,74.87684729,105.3281368,105.3281368,0.054945055,19450,202314,7.173333333,1.518329472,66,41,62.12121212,0,0,1,1,4,0,2,0,6
Skyline Boar Stud,157,200,78.5,102.6040721,102.6040721,0,19450,202314,6.908496732,0.491499814,23,23,100,30,0,18,48,4,3,2,0,9
SPG9644,324,0,0,105.0783536,105.0783536,0,19450,202314,9.584615385,3.661939515,70,69,98.57142857,6,0,0,6,4,3,0,0,7
SPGNC,202,220,91.81818182,112.8559395,112.8559395,0,19450,202314,8.316770186,2.787073645,55,54,98.18181818,4,0,0,4,4,3,1,0,8
SPGVA,276,292,94.52054795,116.022716,116.022716,0.028169014,19450,202314,7.087301587,0.919204933,84,83,98.80952381,0,0,0,0,4,3,2,1,10
MB 7081,190,200,95,105.4112209,105.4112209,0.016260163,19457,202315,8.080745342,2.759019652,76,68,89.47368421,11,0,0,11,4,2,1,0,7
MB 7082,199,200,99.5,104.6606925,104.9316141,0.525140851,19457,202315,7.14516129,1.164986127,71,71,100,16,0,0,16,0,3,2,0,5
MB 7092,469,250,187.6,103.5854304,103.5955045,0.010074174,19457,202315,7.611764706,2.299642746,68,65,95.58823529,23,0,0,23,4,3,2,0,9
MB 7093,460,450,102.2222222,104.7132807,104.764397,0.05111625,19457,202315,7.391044776,2.161013522,110,110,100,8,0,0,8,4,3,2,0,9
MB 7094,473,450,105.1111111,105.3293189,105.3293189,0,19457,202315,7.330555556,1.570678303,389,328,84.31876607,0,0,0,0,4,2,2,1,9
MBW Cimarron,375,399,93.98496241,106.3055701,106.4571219,0.151551779,19457,202315,8.073746313,3.102373753,100,87,87,15,5,25,45,3,2,1,0,6
MBW Cyclone,355,403,88.08933002,102.1804795,102.6073367,0.383784767,19457,202315,6.875776398,2.121710249,100,90,90,7,0,0,7,1,3,2,0,6
MBW Yuma,190,203,93.59605911,105.4319309,105.433777,0.001008898,19457,202315,6.866666667,1.150819181,66,41,62.12121212,0,0,1,1,4,0,2,0,6
Skyline Boar Stud,154,200,77,102.3343475,102.3343475,0,19457,202315,7.25,0.65853889,23,23,100,28,0,18,46,4,3,2,0,9
SPG9644,372,0,0,105.8615113,105.9168329,0.05532155,19457,202315,9.011152416,3.374048535,70,69,98.57142857,6,0,0,6,4,3,0,0,7
SPGNC,201,220,91.36363636,115.2918012,115.2918012,0,19457,202315,8.460431655,2.795612989,83,82,98.79518072,4,0,0,4,4,3,1,0,8
SPGVA,276,292,94.52054795,115.2977407,115.2977407,0.018518519,19457,202315,6.987854251,1.237890224,84,83,98.80952381,0,0,0,0,4,3,2,1,10
MB 7081,189,200,94.5,104.8504839,104.8504839,0,19464,202316,7.903614458,2.905019513,76,68,89.47368421,6,0,0,6,4,2,2,0,8
MB 7082,199,200,99.5,104.8245109,104.8245109,0.0078125,19464,202316,7.041666667,1.149611581,47,47,100,18,0,0,18,4,3,2,0,9
MB 7092,467,250,186.8,104.4094987,104.4209321,0.01143341,19464,202316,8.038834951,2.15136168,68,65,95.58823529,23,0,0,23,4,3,1,0,8
MB 7093,458,450,101.7777778,105.2994279,105.3091626,0.00973467,19464,202316,8.877805486,3.138077624,60,60,100,8,0,0,8,4,3,1,0,8
MB 7094,471,450,104.6666667,107.2599043,107.5971163,0.337212052,19464,202316,7.598484848,1.019653624,389,328,84.31876607,0,0,0,0,1,2,2,1,6
MBW Cimarron,374,399,93.73433584,105.8955663,106.0793859,0.183819588,19464,202316,7.343234323,1.563558124,100,87,87,10,5,3,18,3,2,2,0,7
MBW Cyclone,353,403,87.59305211,101.6746395,101.899266,0.316308977,19464,202316,7.021875,0.801344628,100,90,90,7,0,0,7,1,3,2,0,6
MBW Yuma,189,203,93.10344828,107.9561505,108.0271817,0.054749705,19464,202316,6.814814815,1.356933986,66,41,62.12121212,0,0,1,1,4,0,2,0,6
Skyline Boar Stud,152,200,76,103.2588426,103.2588426,0,19464,202316,6.695945946,0.893352501,23,23,100,26,0,16,42,4,3,2,0,9
SPG9644,372,0,0,106.785009,106.8705532,0.085544134,19464,202316,8.863095238,2.962693376,70,69,98.57142857,6,0,0,6,4,3,1,0,8
SPGNC,201,220,91.36363636,113.2272645,113.2272645,0,19464,202316,9.339181287,3.452473525,83,82,98.79518072,4,0,0,4,4,3,0,0,7
SPGVA,274,292,93.83561644,114.5102982,114.5102982,0,19464,202316,7.067961165,1.757282469,55,54,98.18181818,1,0,0,1,4,3,2,0,9
MB 7081,188,200,94,105.0069902,105.0069902,0,19471,202317,7.310606061,1.217760275,76,68,89.47368421,0,0,0,0,4,2,2,1,9
MB 7082,198,200,99,104.9919763,105.0369435,0.041382339,19471,202317,7.383783784,1.590992566,47,47,100,0,0,0,0,4,3,2,1,10
MB 7092,466,250,186.4,105.1348073,105.139898,0.005090674,19471,202317,7.732283465,2.688519899,68,65,95.58823529,0,0,0,0,4,3,2,1,10
MB 7093,411,450,91.33333333,104.8216758,104.8267154,0.005039515,19471,202317,6.976821192,1.26390965,60,60,100,10,0,0,10,4,3,2,0,9
MB 7094,471,450,104.6666667,107.6627839,107.783719,0.12093514,19471,202317,7.694915254,1.574451519,489,427,87.32106339,0,0,0,0,3,2,2,1,8
MBW Cimarron,373,399,93.48370927,101.5488875,108.9670417,7.418154235,19471,202317,8.404878049,3.425248754,100,87,87,0,0,0,0,0,2,1,1,4
MBW Cyclone,351,403,87.09677419,102.9702214,103.0818532,0.296590107,19471,202317,6.990536278,0.785492688,130,118,90.76923077,0,0,0,0,2,3,2,1,8
MBW Yuma,182,203,89.65517241,107.3401907,107.3401907,0.059405941,19471,202317,7.093023256,1.181018561,109,80,73.39449541,0,0,0,0,4,1,2,1,8
Skyline Boar Stud,152,200,76,103.2278969,103.2355627,0.007665863,19471,202317,7.020547945,0.142353522,23,23,100,0,0,0,0,4,3,2,1,10
SPG9644,371,0,0,105.7843052,105.8261816,0.041876399,19471,202317,10.2724359,4.422190081,50,49,98,0,0,0,0,4,3,0,1,8
SPGNC,201,220,91.36363636,112.5205521,112.5205521,0,19471,202317,8.214285714,3.023520009,83,82,98.79518072,0,0,0,0,4,3,1,1,9
SPGVA,274,292,93.83561644,115.4081569,115.4081569,0.112903226,19471,202317,7.275555556,1.939849446,55,54,98.18181818,0,0,0,0,3,3,2,1,9
MB 7081,188,200,94,104.4348789,104.6129854,0.567898136,19478,202318,9.092105263,4.614051764,45,39,86.66666667,0,0,0,0,0,2,0,1,3
MB 7082,198,200,99,104.9659901,104.9725977,0.003875122,19478,202318,7.308571429,1.526277763,66,65,98.48484848,0,0,0,0,4,3,2,1,10
MB 7092,466,250,186.4,105.06621,105.139898,0.07368803,19478,202318,8.084183673,3.058768762,145,141,97.24137931,0,0,0,0,4,3,1,1,9
MB 7093,411,450,91.33333333,105.3181003,105.4201593,0.102058939,19478,202318,9.310626703,3.247777111,60,60,100,10,0,0,10,3,3,0,0,6
MB 7094,471,450,104.6666667,107.6787028,107.7160503,0.037347472,19478,202318,9.474074074,4.442419781,489,427,87.32106339,0,0,0,0,4,2,0,1,7
MBW Cimarron,373,399,93.48370927,109.0543588,110.1789678,1.124608989,19478,202318,10.81410256,5.035953675,100,87,87,0,0,0,0,0,2,0,1,3
MBW Cyclone,351,403,87.09677419,103.0001055,103.6016306,0.661328578,19478,202318,7.101639344,0.678255261,130,118,90.76923077,0,0,0,0,0,3,2,1,6
MBW Yuma,182,203,89.65517241,106.7221761,106.877933,0.18056664,19478,202318,6.827380952,1.020725489,109,80,73.39449541,0,0,0,0,3,1,2,1,7
Skyline Boar Stud,152,200,76,103.3217606,103.3296661,0.007905421,19478,202318,9.953947368,21.23421543,23,23,100,0,0,0,0,4,3,0,1,8
SPG9644,371,0,0,106.6951113,106.7598617,0.064750412,19478,202318,8.385281385,2.946412673,50,49,98,0,0,0,0,4,3,1,1,9
SPGNC,201,220,91.36363636,113.0533108,113.0630883,0.009777578,19478,202318,7.684848485,1.863664305,56,55,98.21428571,0,0,0,0,4,3,2,1,10
SPGVA,274,292,93.83561644,115.1396511,115.203123,0.020237409,19478,202318,6.954545455,1.47524525,87,85,97.70114943,0,0,0,0,4,3,2,1,10
MB 7081,184,200,92,104.0369898,104.0369898,0,19485,202319,7.884615385,3.317522469,45,39,86.66666667,11,0,0,11,4,2,2,0,8
MB 7082,197,200,98.5,105.2497569,105.2545918,0.002672922,19485,202319,7.656084656,1.992866938,66,65,98.48484848,0,0,0,0,4,3,2,1,10
MB 7092,459,250,183.6,105.3124442,105.3268987,0.014454551,19485,202319,7.757255937,2.320638679,145,141,97.24137931,0,0,0,0,4,3,2,1,10
MB 7093,407,450,90.44444444,104.2444819,104.2585653,0.014083373,19485,202319,6.516014235,1.309549999,60,60,100,10,0,0,10,4,3,2,0,9
MB 7094,469,450,104.2222222,107.4855216,107.5082965,0.022774948,19485,202319,8.49197861,3.395106057,489,427,87.32106339,0,0,0,0,4,2,1,1,8
MBW Cimarron,370,399,92.73182957,109.688648,109.7522117,0.063563745,19485,202319,6.571428571,2.500240759,100,87,87,0,0,0,0,4,2,2,1,9
MBW Cyclone,297,403,73.69727047,102.8401092,102.8823753,0.085626304,19485,202319,7.242320819,1.487154152,130,118,90.76923077,0,0,0,0,4,3,2,1,10
MBW Yuma,164,203,80.78817734,106.799273,106.799273,0,19485,202319,7.092592593,1.020324851,73,45,61.64383562,0,0,0,0,4,0,2,1,7
Skyline Boar Stud,150,200,75,102.1504675,102.1517312,0.001263687,19485,202319,6.335616438,0.956122898,23,23,100,0,0,0,0,4,3,2,1,10
SPG9644,367,0,0,106.1072786,106.1131455,0.005866963,19485,202319,9.41218638,4.912031392,50,49,98,0,0,0,0,4,3,0,1,8
SPGNC,215,220,97.72727273,113.7803233,113.7803233,0,19485,202319,8.022988506,2.192878708,56,55,98.21428571,2,0,0,2,4,3,1,0,8
SPGVA,274,292,93.83561644,114.5895009,114.5895009,0.011627907,19485,202319,6.861924686,1.847600664,87,85,97.70114943,0,0,0,0,4,3,2,1,10
MB 7081,184,200,92,104.3945896,104.3945896,0.146551724,19492,202320,7.328467153,1.627473182,61,54,88.52459016,11,0,0,11,3,2,2,0,7
MB 7082,196,200,98,105.1075713,105.1075713,0,19492,202320,7.354285714,1.57573972,66,65,98.48484848,0,0,0,0,4,3,2,1,10
MB 7092,458,250,183.2,105.2446312,105.2508519,0.006220721,19492,202320,8.147757256,2.640609595,145,141,97.24137931,0,0,0,0,4,3,1,1,9
MB 7093,486,450,108,105.2899336,105.4605829,0.17064925,19492,202320,7.82712766,2.787478334,60,60,100,10,0,0,10,3,3,2,0,8
MB 7094,467,450,103.7777778,106.7452845,106.7941346,0.048850083,19492,202320,7.794666667,2.303908173,191,190,99.47643979,0,0,0,0,4,3,2,1,10
MBW Cimarron,394,399,98.74686717,109.0810373,109.1390276,0.05799032,19492,202320,6.369863014,2.081491232,100,87,87,0,0,0,0,4,2,2,1,9
MBW Cyclone,295,403,73.20099256,101.3581782,101.4065573,0.104439371,19492,202320,7.141868512,1.580241928,130,118,90.76923077,0,0,0,0,3,3,2,1,9
MBW Yuma,193,203,95.07389163,106.2684508,106.2684508,0.010204082,19492,202320,6.837662338,1.122967469,73,45,61.64383562,0,0,0,0,4,0,2,1,7
Skyline Boar Stud,174,200,87,101.8057533,101.8057533,0,19492,202320,7.297297297,1.766889189,23,23,100,0,0,0,0,4,3,2,1,10
SPG9644,365,0,0,105.571432,105.5862274,0.014795396,19492,202320,8.455938697,4.488765161,50,49,98,0,0,0,0,4,3,1,1,9
SPGNC,214,220,97.27272727,114.3923783,114.3923783,0,19492,202320,8.547619048,2.490243294,86,83,96.51162791,2,0,0,2,4,3,1,0,8
SPGVA,274,292,93.83561644,113.2260842,113.2260842,0.02173913,19492,202320,7.361445783,1.975117268,87,85,97.70114943,0,0,0,0,4,3,2,1,10
MB 7081,184,200,92,104.3945896,104.3945896,0.146551724,19492,202320,7.328467153,1.627473182,61,54,88.52459016,11,0,0,11,3,2,2,0,7
MB 7082,196,200,98,105.1075713,105.1075713,0,19492,202320,7.354285714,1.57573972,66,65,98.48484848,0,0,0,0,4,3,2,1,10
MB 7092,458,250,183.2,105.2446312,105.2508519,0.006220721,19492,202320,8.147757256,2.640609595,145,141,97.24137931,0,0,0,0,4,3,1,1,9
MB 7093,486,450,108,104.1966186,104.2884898,0.091871201,19492,202320,7.82712766,2.787478334,60,60,100,10,0,0,10,4,3,2,0,9
MB 7094,467,450,103.7777778,106.7452845,106.7941346,0.048850083,19492,202320,7.794666667,2.303908173,191,190,99.47643979,0,0,0,0,4,3,2,1,10
MBW Cimarron,394,399,98.74686717,109.0810373,109.1390276,0.05799032,19492,202320,6.369863014,2.081491232,100,87,87,0,0,0,0,4,2,2,1,9
MBW Cyclone,295,403,73.20099256,101.3581782,101.4065573,0.104439371,19492,202320,7.141868512,1.580241928,130,118,90.76923077,0,0,0,0,3,3,2,1,9
MBW Yuma,193,203,95.07389163,106.2684508,106.2684508,0.010204082,19492,202320,6.837662338,1.122967469,73,45,61.64383562,0,0,0,0,4,0,2,1,7
Skyline Boar Stud,174,200,87,101.8057533,101.8057533,0,19492,202320,7.297297297,1.766889189,23,23,100,0,0,0,0,4,3,2,1,10
SPG9644,365,0,0,105.571432,105.5862274,0.014795396,19492,202320,8.455938697,4.488765161,50,49,98,0,0,0,0,4,3,1,1,9
SPGNC,214,220,97.27272727,114.3923783,114.3923783,0,19492,202320,8.547619048,2.490243294,86,83,96.51162791,2,0,0,2,4,3,1,0,8
SPGVA,274,292,93.83561644,113.2260842,113.2260842,0.02173913,19492,202320,7.361445783,1.975117268,87,85,97.70114943,0,0,0,0,4,3,2,1,10
MB 7081,184,200,92,103.9503492,103.9503492,0.120689655,19499,202321,9.132947977,4.033250029,61,54,88.52459016,11,0,0,11,3,2,0,0,5
MB 7082,208,200,104,105.556189,105.556189,0.044642857,19499,202321,7.409356725,1.650926708,46,45,97.82608696,0,0,0,0,4,3,2,1,10
MB 7092,455,250,182,104.9664311,104.9709278,0.00449668,19499,202321,7.873239437,2.757268655,145,141,97.24137931,0,0,0,0,4,3,2,1,10
MB 7093,483,450,107.3333333,104.7906961,104.7983504,0.007654304,19499,202321,7.24744898,1.338966897,60,60,100,0,0,0,0,4,3,2,1,10
MB 7094,464,450,103.1111111,107.0591625,107.0783598,0.019197278,19499,202321,8.477572559,2.908916855,191,190,99.47643979,0,0,0,0,4,3,1,1,9
MBW Cimarron,393,399,98.4962406,108.7350051,108.7915116,0.056506441,19499,202321,7.098404255,1.715310695,100,87,87,0,0,0,0,4,2,2,1,9
MBW Cyclone,294,403,72.9528536,102.8389207,103.8612954,1.20266954,19499,202321,5.699507389,1.865090913,130,118,90.76923077,0,0,0,0,0,3,1,1,5
MBW Yuma,182,203,89.65517241,106.4742721,106.5519249,0.989040167,19499,202321,7.1621621620000004,1.471054294,73,45,61.64383562,0,0,0,0,0,0,2,1,3
Skyline Boar Stud,171,200,85.5,101.1872192,101.1901968,0.002977612,19499,202321,7.1632653060000004,0.453914727,26,26,100,0,0,0,0,4,3,2,1,10
SPG9644,363,0,0,104.9163879,104.9867638,0.070375958,19499,202321,8.158273381,3.122664309,50,49,98,0,0,0,0,4,3,1,1,9
SPGNC,214,220,97.27272727,113.7524892,113.7524892,0,19499,202321,8.642857143,3.111280835,86,83,96.51162791,2,0,0,2,4,3,1,0,8
SPGVA,271,292,92.80821918,113.1106013,113.1106013,0.05,19499,202321,7.157657658,1.217299849,57,55,96.49122807,0,0,0,0,4,3,2,1,10
MB 7081,183,200,91.5,103.4369934,103.4369934,0.016,19506,202322,7.578616352,1.923813617,46,42,91.30434783,0,0,0,0,4,3,2,1,10
MB 7082,208,200,104,106.3237224,106.3301817,0.003739552,19506,202322,7.412371134,1.749922736,46,45,97.82608696,0,0,0,0,4,3,2,1,10
MB 7092,535,250,214,105.5868116,105.6521798,0.065368239,19506,202322,8.595930233,3.167268048,77,76,98.7012987,0,0,0,0,4,3,1,1,9
MB 7093,482,450,107.1111111,106.8152773,106.9361532,0.120875945,19506,202322,7.743362832,1.966187978,140,139,99.28571429,0,0,0,0,3,3,2,1,9
MB 7094,457,450,101.5555556,106.7494027,106.7672219,0.017819215,19506,202322,7.94,2.6634209,191,190,99.47643979,0,0,0,0,4,3,2,1,10
MBW Cimarron,393,399,98.4962406,108.6091897,108.6993443,0.090154617,19506,202322,7.194986072,1.27102538,125,109,87.2,0,0,0,0,4,2,2,1,9
MBW Cyclone,293,403,72.70471464,101.2187441,101.5100137,0.511372269,19506,202322,6.919678715,4.669907773,30,28,93.33333333,0,0,0,0,0,3,2,1,6
MBW Yuma,182,203,89.65517241,105.7623968,105.7623968,0.637168142,19506,202322,6.650306748,1.51752618,109,67,61.46788991,0,0,0,0,0,0,2,1,3
Skyline Boar Stud,171,200,85.5,100.7713681,100.7713681,0,19506,202322,6.807017544,0.597207122,26,26,100,0,0,0,0,4,3,2,1,10
SPG9644,359,0,0,104.7098318,104.7594357,0.049603878,19506,202322,7.606741573,3.469365321,50,49,98,0,0,0,0,4,3,2,1,10
SPGNC,214,220,97.27272727,112.858592,112.858592,0,19506,202322,8.543956044,2.900893701,86,83,96.51162791,0,0,0,0,4,3,1,1,9
SPGVA,270,292,92.46575342,113.8029934,113.8029934,0,19506,202322,6.864628821,1.487968551,57,55,96.49122807,0,0,0,0,4,3,2,1,10
MB 7081,196,200,98,104.0327446,104.0442584,0.016878206,19513,202323,7.992647059,2.402148185,46,42,91.30434783,0,0,0,0,4,3,2,1,10
MB 7082,208,200,104,106.3274686,106.3274686,0.166666667,19513,202323,7.612359551,2.080651801,73,72,98.63013699,0,0,0,0,3,3,2,1,9
MB 7092,532,250,212.8,106.6805594,106.69817,0.017610602,19513,202323,8.3657289,3.106115047,77,76,98.7012987,0,0,0,0,4,3,1,1,9
MB 7093,481,450,106.8888889,104.865309,105.0039333,0.138624283,19513,202323,7.565340909,2.77786179,140,139,99.28571429,0,0,0,0,3,3,2,1,9
MB 7094,457,450,101.5555556,106.6791576,106.6950284,0.015870874,19513,202323,9.0625,3.847789369,191,190,99.47643979,0,0,0,0,4,3,0,1,8
MBW Cimarron,392,399,98.24561404,108.3401728,108.4997606,0.159587774,19513,202323,6.535326087,1.27600018,125,109,87.2,0,0,0,0,3,2,2,1,8
MBW Cyclone,388,403,96.27791563,100.6486185,100.6914439,0.134474448,19513,202323,8.993006993,5.984185596,30,28,93.33333333,0,0,0,0,3,3,1,1,8
MBW Yuma,176,203,86.69950739,105.7493857,105.7493857,0.362068966,19513,202323,6.987951807,1.020920273,79,61,77.21518987,0,0,0,0,1,1,2,1,5
Skyline Boar Stud,169,200,84.5,101.1451766,101.1451766,0,19513,202323,7.176829268,1.00267113,26,26,100,0,0,0,0,4,3,2,1,10
SPG9644,356,0,0,104.5518464,104.6813495,0.129503163,19513,202323,8.794676806,3.213112773,50,49,98,1,0,0,1,3,3,1,0,7
SPGNC,203,220,92.27272727,113.940423,113.940423,0,19513,202323,8.073333333,2.279457921,58,56,96.55172414,6,0,0,6,4,3,1,0,8
SPGVA,269,292,92.12328767,113.8549727,113.8549727,0.013333333,19513,202323,7.162995595,1.331990929,84,82,97.61904762,0,0,0,0,4,3,2,1,10
MB 7081,195,200,97.5,106.3715478,106.4745746,0.085375271,19520,202324,8.41025641,3.26441576,46,42,91.30434783,0,0,0,0,4,3,1,1,9
MB 7082,207,200,103.5,105.7349428,105.7349428,0.014705882,19520,202324,7.732984293,2.279637782,73,72,98.63013699,0,0,0,0,4,3,2,1,10
MB 7092,484,250,193.6,106.7831638,106.7925545,0.009390723,19520,202324,8.506297229,3.098237629,164,163,99.3902439,6,0,0,6,4,3,1,0,8
MB 7093,476,450,105.7777778,104.9383487,105.0115816,0.073232942,19520,202324,9.454987835,3.620375023,140,139,99.28571429,0,0,0,0,4,3,0,1,8
MB 7094,454,450,100.8888889,106.5237665,106.5729273,0.049160755,19520,202324,7.92238806,2.395093594,191,190,99.47643979,0,0,0,0,4,3,2,1,10
MBW Cimarron,388,399,97.24310777,108.1818525,108.2395096,0.057657083,19520,202324,6.465020576,1.749206048,125,109,87.2,0,0,2,2,4,2,2,0,8
MBW Cyclone,388,403,96.27791563,103.8813458,103.9522752,0.120299676,19520,202324,7.494011976,1.970875039,30,28,93.33333333,0,0,0,0,3,3,2,1,9
MBW Yuma,171,203,84.2364532,105.3066417,105.3066417,0.080357143,19520,202324,7.012195122,1.379018077,79,61,77.21518987,0,0,0,0,4,1,2,1,8
Skyline Boar Stud,168,200,84,100.4615635,100.4615635,0,19520,202324,6.788819876,0.492569004,26,26,100,0,0,0,0,4,3,2,1,10
SPG9644,354,0,0,104.9750794,105.2656039,0.290524502,19520,202324,8.7389937110000009,2.787611439,50,49,98,1,0,0,1,2,3,1,0,6
SPGNC,200,220,90.90909091,113.5646394,113.5646394,0,19520,202324,7.841463415,2.288780382,58,56,96.55172414,6,0,0,6,4,3,2,0,9
SPGVA,268,292,91.78082192,113.7985437,113.7985437,0,19520,202324,6.944915254,1.683820249,84,82,97.61904762,0,0,0,0,4,3,2,1,10
MB 7081,192,200,96,106.8176614,106.9528245,0.091717795,19527,202325,8.183006536,2.490608435,77,71,92.20779221,0,0,0,0,4,3,1,1,9
MB 7082,204,200,102,105.3279771,105.3279771,0,19527,202325,7.23,1.502794716,73,72,98.63013699,0,0,0,0,4,3,2,1,10
MB 7092,481,250,192.4,106.6820976,106.6828248,7.27e-4,19527,202325,8.357843137,2.672893739,164,163,99.3902439,3,0,0,3,4,3,1,0,8
MB 7093,476,450,105.7777778,103.3529196,103.3913566,0.038437073,19527,202325,7.010666667,2.551060036,140,139,99.28571429,0,0,0,0,4,3,2,1,10
MB 7094,454,450,100.8888889,106.8898979,106.8931559,0.003257974,19527,202325,9.140401146,3.56472192,191,190,99.47643979,0,0,0,0,4,3,0,1,8
MBW Cimarron,384,399,96.2406015,108.1499962,108.2741108,0.12411455,19527,202325,9.019685039,3.943725479,25,22,88,0,0,4,4,3,2,0,0,5
MBW Cyclone,387,403,96.02977667,105.3225852,105.3585595,0.031828063,19527,202325,7.283746556,1.452540264,127,124,97.63779528,0,0,0,0,4,3,2,1,10
MBW Yuma,169,203,83.25123153,105.540903,105.540903,0.027272727,19527,202325,6.94375,1.18293354,79,61,77.21518987,0,0,0,0,4,1,2,1,8
Skyline Boar Stud,226,200,113,108.4679297,108.4679297,0.352941176,19527,202325,7.298136646,1.735096253,26,26,100,0,0,0,0,1,3,2,1,7
SPG9644,352,0,0,104.2663085,104.317004,0.050695516,19527,202325,8.068656716,2.131472809,50,49,98,1,0,0,1,4,3,1,0,8
SPGNC,199,220,90.45454545,112.609923,112.8995839,0.289660967,19527,202325,7.865497076,2.348850073,88,86,97.72727273,6,0,0,6,2,3,2,0,7
SPGVA,268,292,91.78082192,114.3316437,114.3316437,0,19527,202325,7.073275862,2.061557338,84,82,97.61904762,0,0,0,0,4,3,2,1,10
MB 7081,192,200,96,105.9951887,106.1001511,0.088214166,19534,202326,8.350877193,3.155711319,77,71,92.20779221,0,0,0,0,4,3,1,1,9
MB 7082,205,200,102.5,104.8971292,105.0190584,0.135985561,19534,202326,6.958083832,1.253204535,46,45,97.82608696,0,1,0,1,3,3,2,0,8
MB 7092,475,250,190,106.6194577,106.6194577,0,19534,202326,8.213776722,2.417574589,164,163,99.3902439,3,0,0,3,4,3,1,0,8
MB 7093,470,450,104.4444444,105.252693,105.4057323,0.153039255,19534,202326,9.252279635,2.907130002,140,139,99.28571429,0,0,0,0,3,3,0,1,7
MB 7094,529,450,117.5555556,106.74398,106.7893394,0.045359403,19534,202326,8.492211838,2.639975455,100,99,99,0,0,0,0,4,3,1,1,9
MBW Cimarron,393,399,98.4962406,107.8473645,107.9098476,0.062483081,19534,202326,8.911680912,5.479901487,25,22,88,0,0,4,4,4,2,1,0,7
MBW Cyclone,382,403,94.78908189,105.0214856,105.0536399,0.028162026,19534,202326,7.296703297,1.676244691,127,124,97.63779528,0,0,0,0,4,3,2,1,10
MBW Yuma,167,203,82.26600985,105.3224761,105.3224761,0.018018018,19534,202326,7.101910828,1.104679518,79,61,77.21518987,0,0,0,0,4,1,2,1,8
Skyline Boar Stud,226,200,113,110.1867822,110.2001593,0.013377194,19534,202326,7.190265487,3.535734143,83,83,100,0,0,0,0,4,3,2,1,10
SPG9644,348,0,0,104.0297842,104.076036,0.046251783,19534,202326,6.438356164,1.723977969,50,49,98,1,0,0,1,4,3,2,0,9
SPGNC,199,220,90.45454545,110.9026728,111.0131069,0.110434125,19534,202326,7.943820225,2.600997421,88,86,97.72727273,6,0,0,6,3,3,2,0,8
SPGVA,267,292,91.43835616,114.7277489,114.7277489,0,19534,202326,6.693430657,1.185463696,59,58,98.30508475,1,0,1,2,4,3,2,0,9
MB 7081,192,200,96,105.9951887,106.1001511,0.088214166,19534,202326,8.350877193,3.155711319,77,71,92.20779221,0,0,0,0,4,3,1,1,9
MB 7082,205,200,102.5,104.8971292,105.0190584,0.135985561,19534,202326,6.958083832,1.253204535,46,45,97.82608696,0,1,0,1,3,3,2,0,8
MB 7092,475,250,190,106.6194577,106.6194577,0,19534,202326,8.213776722,2.417574589,164,163,99.3902439,3,0,0,3,4,3,1,0,8
MB 7093,470,450,104.4444444,105.252693,105.4057323,0.153039255,19534,202326,9.252279635,2.907130002,140,139,99.28571429,0,0,0,0,3,3,0,1,7
MB 7094,529,450,117.5555556,106.74398,106.7893394,0.045359403,19534,202326,8.492211838,2.639975455,100,99,99,0,0,0,0,4,3,1,1,9
MBW Cimarron,393,399,98.4962406,107.8473645,107.9098476,0.062483081,19534,202326,8.911680912,5.479901487,25,22,88,0,0,4,4,4,2,1,0,7
MBW Cyclone,382,403,94.78908189,105.0214856,105.0536399,0.028162026,19534,202326,7.296703297,1.676244691,127,124,97.63779528,0,0,0,0,4,3,2,1,10
MBW Yuma,167,203,82.26600985,105.3224761,105.3224761,0.018018018,19534,202326,7.101910828,1.104679518,79,61,77.21518987,0,0,0,0,4,1,2,1,8
Skyline Boar Stud,226,200,113,107.6074921,107.6074921,0,19534,202326,7.190265487,3.535734143,83,83,100,0,0,0,0,4,3,2,1,10
SPG9644,348,0,0,104.0297842,104.076036,0.046251783,19534,202326,6.438356164,1.723977969,50,49,98,1,0,0,1,4,3,2,0,9
SPGNC,199,220,90.45454545,110.9026728,111.0131069,0.110434125,19534,202326,7.943820225,2.600997421,88,86,97.72727273,6,0,0,6,3,3,2,0,8
SPGVA,267,292,91.43835616,113.745456,113.745456,0.025,19534,202326,7.092592593,1.847875144,59,58,98.30508475,1,0,2,3,4,3,2,0,9
MB 7081,191,200,95.5,106.062635,106.1689912,0.146456308,19541,202327,7.235714286,1.365614281,77,71,92.20779221,0,0,0,0,3,3,2,1,9
MB 7082,205,200,102.5,105.2020054,105.2020054,0,19541,202327,7.678947368,2.022905592,46,45,97.82608696,0,1,0,1,4,3,2,0,9
MB 7092,472,250,188.8,106.4070757,106.4074979,4.22e-4,19541,202327,7.687640449,1.528691089,164,163,99.3902439,3,0,0,3,4,3,2,0,9
MB 7093,409,450,90.88888889,104.8330934,104.9355214,0.102428052,19541,202327,7.660436137,2.326469656,80,79,98.75,0,0,0,0,3,3,2,1,9
MB 7094,487,450,108.2222222,107.9914379,108.0457144,0.054276501,19541,202327,8.973509934,2.760535891,100,99,99,15,0,0,15,4,3,1,0,8
MBW Cimarron,392,399,98.24561404,108.2311831,108.2558409,0.024657806,19541,202327,6.877300613,1.54231796,25,22,88,0,0,4,0,4,2,2,1,8
MBW Cyclone,377,403,93.5483871,103.9734966,103.9734966,0.012383901,19541,202327,7.167146974,1.818582211,127,124,97.63779528,0,0,0,0,4,3,2,1,10
MBW Yuma,158,203,77.83251232,105.47144780000001,105.47144780000001,0.020408163,19541,202327,7.393548387,1.311768778,79,61,77.21518987,0,0,0,0,4,1,2,1,8
Skyline Boar Stud,224,200,112,108.0580288,108.0580288,0,19541,202327,7.084821429,0.409464229,83,83,100,0,0,0,0,4,3,2,1,10
SPG9644,344,0,0,104.1493391,104.1629097,0.013570618,19541,202327,9.313069909,3.059747419,50,49,98,0,0,0,0,4,3,0,1,8
SPGNC,197,220,89.54545455,112.2072718,112.2072718,0,19541,202327,7.877906977,1.96822128,88,86,97.72727273,0,0,0,0,4,3,2,1,10
SPGVA,267,292,91.43835616,114.3261787,114.3261787,0.024096386,19541,202327,7.581818182,1.42951164,59,58,98.30508475,0,0,2,2,4,3,2,0,9
MB 7081,189,200,94.5,106.1912398,106.2537771,0.044419023,19548,202328,8.919463087,4.430418165,47,44,93.61702128,0,0,0,0,4,3,1,1,9
MB 7082,205,200,102.5,105.0281991,105.0281991,0.007575758,19548,202328,7.439790576,1.64965322,69,68,98.55072464,0,0,0,0,4,3,2,1,10
MB 7092,547,250,218.8,106.7762752,106.7908427,0.014567482,19548,202328,7.773087071,1.215514227,164,163,99.3902439,0,0,0,0,4,3,2,1,10
MB 7093,408,450,90.66666667,105.1187298,105.1301173,0.01138749,19548,202328,9.485254692,3.493145708,80,79,98.75,0,0,0,0,4,3,0,1,8
MB 7094,486,450,108,107.1735721,107.6511931,0.47762102,19548,202328,9.907356948,3.399152151,179,178,99.44134078,16,0,0,16,0,3,0,0,3
MBW Cimarron,389,399,97.49373434,107.9658865,107.9705633,0.004676781,19548,202328,6.389333333,2.098610014,34,31,91.17647059,0,0,0,0,4,3,2,1,10
MBW Cyclone,375,403,93.05210918,104.6063375,104.6834982,0.094863161,19548,202328,7.834733894,2.151070611,127,124,97.63779528,0,0,0,0,4,3,2,1,10
MBW Yuma,188,203,92.61083744,105.1651759,105.1651759,0.02020202,19548,202328,6.617834395,1.152116402,79,61,77.21518987,0,0,0,0,4,1,2,1,8
Skyline Boar Stud,221,200,110.5,107.8967522,107.8967522,0,19548,202328,7,0.545595472,83,83,100,0,0,0,0,4,3,2,1,10
SPG9644,344,0,0,103.8419508,105.4111853,1.569234461,19548,202328,7.170068027,0.655578273,50,49,98,0,0,0,0,0,3,2,1,6
SPGNC,195,220,88.63636364,111.5504654,111.7154131,0.164947714,19548,202328,7.530201342,2.15468392,60,58,96.66666667,0,0,2,2,3,3,2,0,8
SPGVA,266,292,91.09589041,113.597915,113.749214,0.155927216,19548,202328,6.355769231,1.382557102,84,77,91.66666667,0,0,2,2,3,3,2,0,8
MB 7081,189,200,94.5,105.749737,105.749737,0.025,19555,202329,7.935064935,3.450253992,47,44,93.61702128,0,0,0,0,4,3,2,1,10
MB 7082,204,200,102,105.2314461,105.3610678,0.106720786,19555,202329,7.575418994,1.29331002,69,68,98.55072464,0,0,0,0,3,3,2,1,9
MB 7092,503,250,201.2,107.6753151,107.6773799,0.002064779,19555,202329,8.071729958,1.639600568,164,163,99.3902439,0,0,0,0,4,3,1,1,9
MB 7093,407,450,90.44444444,104.3520668,104.3696786,0.017611767,19555,202329,7.020547945,1.212586784,80,79,98.75,0,0,0,0,4,3,2,1,10
MB 7094,484,450,107.5555556,107.4644256,107.590987,0.126561378,19555,202329,9.062330623,2.61349258,179,178,99.44134078,16,0,0,16,3,3,0,0,6
MBW Cimarron,388,399,97.24310777,107.5073696,107.5109423,0.003572698,19555,202329,7.145658263,2.117626514,34,31,91.17647059,0,0,0,0,4,3,2,1,10
MBW Cyclone,374,403,92.80397022,104.5974305,104.598324,0.004201831,19555,202329,6.963963964,1.113400803,127,124,97.63779528,0,0,0,0,4,3,2,1,10
MBW Yuma,188,203,92.61083744,105.0506042,105.0506042,0.038095238,19555,202329,6.694805195,1.269696696,79,61,77.21518987,0,0,0,0,4,1,2,1,8
Skyline Boar Stud,220,200,110,108.1044417,108.1044417,0,19555,202329,7.34841629,1.420902315,83,83,100,0,0,0,0,4,3,2,1,10
SPG9644,342,0,0,104.4612167,104.5313496,0.070132934,19555,202329,10.44339623,3.36735166,50,49,98,0,0,0,0,4,3,0,1,8
SPGNC,195,220,88.63636364,112.4158763,112.4158763,0,19555,202329,7.355828221,2.059848315,60,58,96.66666667,0,0,2,2,4,3,2,0,9
SPGVA,265,292,90.75342466,114.0279885,114.0279885,0,19555,202329,7.538095238,1.366368494,84,77,91.66666667,0,0,2,2,4,3,2,0,9
MB 7081,188,200,94,105.5937548,105.5985427,0.003314731,19562,202330,8.621118012,3.579357658,61,55,90.16393443,0,0,0,0,4,3,1,1,9
MB 7082,204,200,102,105.2434169,105.2434169,0,19562,202330,7.885057471,2.886785869,69,68,98.55072464,0,0,0,0,4,3,2,1,10
MB 7092,501,250,200.4,107.881261,107.9038523,0.0225913,19562,202330,7.594713656,1.231868332,241,240,99.58506224,0,0,2,2,4,3,2,0,9
MB 7093,484,450,107.5555556,105.3031447,105.3906566,0.087511889,19562,202330,9.135211268,3.144140752,80,79,98.75,0,0,0,0,4,3,0,1,8
MB 7094,484,450,107.5555556,107.168163,108.2438566,1.075693644,19562,202330,9.358433735,3.051593802,79,79,100,16,0,0,16,0,3,0,0,3
MBW Cimarron,386,399,96.74185464,107.6953465,107.6953465,0,19562,202330,7.051428571,1.948531359,34,31,91.17647059,0,0,0,0,4,3,2,1,10
MBW Cyclone,345,403,85.60794045,103.9841774,104.0194216,0.034468318,19562,202330,7.213450292,1.759280485,97,96,98.96907216,1,0,0,1,4,3,2,0,9
MBW Yuma,186,203,91.62561576,104.8607738,104.8607738,0,19562,202330,7.150289017,1.285185005,66,50,75.75757576,0,0,0,0,4,1,2,1,8
Skyline Boar Stud,219,200,109.5,108.5485024,108.588161,0.039658548,19562,202330,7.094339623,0.467489045,83,83,100,0,0,0,0,4,3,2,1,10
SPG9644,342,0,0,103.0297987,103.0631622,0.033363489,19562,202330,5.326797386,1.905083454,50,49,98,0,0,0,0,4,3,1,1,9
SPGNC,195,220,88.63636364,112.4463844,112.4463844,0,19562,202330,8.112359551,2.374241251,89,87,97.75280899,0,0,2,2,4,3,1,0,8
SPGVA,259,292,88.69863014,113.2386394,113.2386394,0,19562,202330,6.672316384,1.387841584,84,77,91.66666667,0,0,0,0,4,3,2,1,10
MB 7081,188,200,94,105.5937548,105.5985427,0.003314731,19562,202330,8.621118012,3.579357658,61,55,90.16393443,0,0,0,0,4,3,1,1,9
MB 7082,204,200,102,105.2434169,105.2434169,0,19562,202330,7.885057471,2.886785869,69,68,98.55072464,0,0,0,0,4,3,2,1,10
MB 7092,501,250,200.4,107.881261,107.9038523,0.0225913,19562,202330,7.594713656,1.231868332,241,240,99.58506224,0,0,2,2,4,3,2,0,9
MB 7093,484,450,107.5555556,105.3031447,105.3906566,0.087511889,19562,202330,9.135211268,3.144140752,80,79,98.75,0,0,0,0,4,3,0,1,8
MB 7094,484,450,107.5555556,107.0989479,107.6007759,0.501828003,19562,202330,9.358433735,3.051593802,79,79,100,16,0,0,16,0,3,0,0,3
MBW Cimarron,386,399,96.74185464,107.6953465,107.6953465,0,19562,202330,7.051428571,1.948531359,34,31,91.17647059,0,0,0,0,4,3,2,1,10
MBW Cyclone,345,403,85.60794045,103.9841774,104.0194216,0.034468318,19562,202330,7.213450292,1.759280485,97,96,98.96907216,1,0,0,1,4,3,2,0,9
MBW Yuma,186,203,91.62561576,104.8607738,104.8607738,0,19562,202330,7.150289017,1.285185005,66,50,75.75757576,0,0,0,0,4,1,2,1,8
Skyline Boar Stud,219,200,109.5,108.5485024,108.588161,0.039658548,19562,202330,7.094339623,0.467489045,83,83,100,0,0,0,0,4,3,2,1,10
SPG9644,342,0,0,103.0297987,103.0631622,0.033363489,19562,202330,5.326797386,1.905083454,50,49,98,0,0,0,0,4,3,1,1,9
SPGNC,195,220,88.63636364,112.4463844,112.4463844,0,19562,202330,8.112359551,2.374241251,89,87,97.75280899,0,0,2,2,4,3,1,0,8
SPGVA,259,292,88.69863014,113.2386394,113.2386394,0,19562,202330,6.672316384,1.387841584,84,77,91.66666667,0,0,0,0,4,3,2,1,10
MB 7081,188,200,94,105.4963195,105.4982542,0.063847377,19569,202331,7.9121621620000004,2.536613668,61,55,90.16393443,0,0,0,0,4,3,2,1,10
MB 7082,205,200,102.5,105.8149642,105.8149642,0.048076923,19569,202331,8.120253165,2.384551113,50,50,100,0,0,0,0,4,3,1,1,9
MB 7092,499,250,199.6,107.191339,107.2274512,0.036112201,19569,202331,7.248322148,1.3270523,164,164,100,0,0,2,2,4,3,2,0,9
MB 7093,483,450,107.3333333,106.4663334,106.490155,0.023821541,19569,202331,6.853503185,1.451297917,80,79,98.75,0,0,0,0,4,3,2,1,10
MB 7094,481,450,106.8888889,107.3932255,107.6213724,0.228146903,19569,202331,9.662371134,3.086509204,79,79,100,0,0,0,0,2,3,0,1,6
MBW Cimarron,337,399,84.46115288,107.6023951,107.6023951,0,19569,202331,6.758513932,1.143662101,34,31,91.17647059,0,0,0,0,4,3,2,1,10
MBW Cyclone,343,403,85.11166253,104.794438,104.794438,0,19569,202331,7.307462687,0.877754592,97,96,98.96907216,1,0,0,1,4,3,2,0,9
MBW Yuma,176,203,86.69950739,105.0830006,105.0830006,0,19569,202331,7.244186047,1.450436889,66,50,75.75757576,0,0,0,0,4,1,2,1,8
Skyline Boar Stud,218,200,109,108.5173174,108.5173174,0,19569,202331,7.211009174,0.896212147,83,83,100,0,0,0,0,4,3,2,1,10
SPG9644,338,0,0,103.5114077,103.889691,0.378283341,19569,202331,11.45547945,3.872726573,50,49,98,0,0,0,0,1,3,0,1,5
SPGNC,194,220,88.18181818,111.2248554,111.8182071,0.593351697,19569,202331,7.450549451,1.998694249,89,87,97.75280899,0,0,2,2,0,3,2,0,5
SPGVA,258,292,88.35616438,112.3382066,113.5793151,0.595033205,19569,202331,7.005181347,1.401254681,52,46,88.46153846,0,0,0,0,0,2,2,1,5
MB 7081,188,200,94,105.7204426,105.7204426,0,19576,202332,9.030120482,3.551226333,61,55,90.16393443,0,0,0,0,4,3,0,1,8
MB 7082,204,200,102,107.8992036,107.8992036,0,19576,202332,7.505494505,1.409310998,50,50,100,0,0,0,0,4,3,2,1,10
MB 7092,496,250,198.4,107.367728,107.3700723,0.002344313,19576,202332,7.479069767,1.542945166,164,164,100,0,0,2,2,4,3,2,0,9
MB 7093,480,450,106.6666667,106.6240681,106.6275205,0.003452412,19576,202332,9.231981982,3.270742405,160,158,98.75,0,0,0,0,4,3,0,1,8
MB 7094,479,450,106.4444444,107.1050057,107.1146241,0.00961843,19576,202332,7.587458746,2.963035149,79,79,100,0,0,0,0,4,3,2,1,10
MBW Cimarron,335,399,83.95989975,107.2680977,107.2680977,0,19576,202332,7.0125,1.0443909,34,31,91.17647059,0,0,0,0,4,3,2,1,10
MBW Cyclone,343,403,85.11166253,104.5487119,104.6389946,0.106477067,19576,202332,7.061538462,1.631829647,97,96,98.96907216,1,0,0,1,3,3,2,0,8
MBW Yuma,172,203,84.72906404,104.0469254,104.0526302,0.003644713,19576,202332,6.389534884,1.721724219,66,50,75.75757576,0,0,0,0,4,1,2,1,8
Skyline Boar Stud,218,200,109,107.4238231,107.4238231,0,19576,202332,6.961904762,0.435808867,83,83,100,0,0,0,0,4,3,2,1,10
SPG9644,336,0,0,103.9682567,104.070219,0.101962303,19576,202332,7.946938776,1.918749384,50,49,98,0,0,0,0,3,3,2,1,9
SPGNC,194,220,88.18181818,112.0989439,112.0989439,0,19576,202332,7.518072289,1.808139481,89,87,97.75280899,0,0,0,0,4,3,2,1,10
SPGVA,258,292,88.35616438,113.8936441,113.9420851,0.016540835,19576,202332,7.645833333,2.493884317,81,66,81.48148148,0,0,0,0,4,2,2,1,9
MB 7081,212,200,106,106.3142531,106.3142531,0.04,19583,202333,8.143939394,2.960638924,45,40,88.88888889,2,0,0,2,4,2,1,0,7
MB 7082,203,200,101.5,107.862148,107.862148,0.008064516,19583,202333,7.368159204,1.66546723,83,83,100,0,0,0,0,4,3,2,1,10
MB 7092,493,250,197.2,107.2817005,107.2861357,0.004435142,19583,202333,7.598591549,1.616356946,164,164,100,0,0,2,2,4,3,2,0,9
MB 7093,478,450,106.2222222,106.1630341,106.1640197,9.86e-4,19583,202333,7.062827225,1.284361976,160,158,98.75,0,0,0,0,4,3,2,1,10
MB 7094,478,450,106.2222222,106.7071073,106.7313374,0.024230075,19583,202333,10.07888631,3.897321043,79,79,100,0,0,0,0,4,3,0,1,8
MBW Cimarron,331,399,82.95739348,106.7727122,106.7727122,0,19583,202333,6.741324921,1.183735564,34,31,91.17647059,0,0,0,0,4,3,2,1,10
MBW Cyclone,341,403,84.61538462,103.834133,103.8779196,0.054374314,19583,202333,7.301886792,1.844951221,97,96,98.96907216,1,0,0,1,4,3,2,0,9
MBW Yuma,169,203,83.25123153,103.9348768,103.9348768,0.02,19583,202333,7.03030303,1.196663259,66,50,75.75757576,0,0,0,0,4,1,2,1,8
Skyline Boar Stud,216,200,108,108.0610427,108.0610427,0,19583,202333,7.442307692,1.955183489,83,83,100,0,0,0,0,4,3,2,1,10
SPG9644,334,0,0,103.3781492,103.4055474,0.027398262,19583,202333,7.814946619,2.822345291,50,49,98,0,0,0,0,4,3,2,1,10
SPGNC,196,220,89.09090909,113.1183625,113.1183625,0,19583,202333,8.106666667,2.458096242,59,59,100,0,0,0,0,4,3,1,1,9
SPGVA,258,292,88.35616438,113.0822298,113.0829951,0.433681936,19583,202333,8.311377246,2.325614808,81,66,81.48148148,0,0,0,0,0,2,1,1,4
MB 7081,211,200,105.5,107.9799103,107.9799103,0,19590,202334,8.65060241,3.278705343,45,40,88.88888889,2,0,0,2,4,2,1,0,7
MB 7082,202,200,101,108.0500641,108.0500641,0,19590,202334,7.109375,1.113231053,83,83,100,0,0,0,0,4,3,2,1,10
MB 7092,490,250,196,107.6879223,107.8288709,0.140948563,19590,202334,7.73015873,1.604601968,164,164,100,0,0,0,0,3,3,2,1,9
MB 7093,428,450,95.11111111,106.4853338,106.4982363,0.012902546,19590,202334,8.564516129,2.92560571,160,158,98.75,0,0,0,0,4,3,1,1,9
MB 7094,477,450,106,106.0285874,106.0859667,0.057379308,19590,202334,7.251497006,2.438969316,79,79,100,0,0,0,0,4,3,2,1,10
MBW Cimarron,331,399,82.95739348,106.9452446,106.9457375,4.93e-4,19590,202334,6.968553459,0.858590905,34,31,91.17647059,0,0,0,0,4,3,2,1,10
MBW Cyclone,340,403,84.36724566,104.2321796,104.2397963,0.010827833,19590,202334,7.653846154,2.375257904,97,96,98.96907216,0,0,0,0,4,3,2,1,10
MBW Yuma,167,203,82.26600985,104.1714492,104.1714492,0.032608696,19590,202334,7.161676647,1.385455278,66,50,75.75757576,0,0,0,0,4,1,2,1,8
Skyline Boar Stud,214,200,107,108.3290069,108.3290069,0,19590,202334,6.774509804,1.606065245,57,57,100,0,0,0,0,4,3,2,1,10
SPG9644,331,0,0,106.9649579,107.0610573,0.096099387,19590,202334,8.389705882,3.129720835,50,49,98,0,0,0,0,4,3,1,1,9
SPGNC,196,220,89.09090909,112.9630643,112.9630643,0,19590,202334,7.418181818,2.138704666,59,59,100,0,0,0,0,4,3,2,1,10
SPGVA,256,292,87.67123288,112.9780203,112.9780203,0,19590,202334,10.01604278,4.516964362,81,66,81.48148148,0,0,0,0,4,2,0,1,7
MB 7081,210,200,105,108.5831389,108.5831389,0,19597,202335,7.85106383,2.593773231,83,77,92.77108434,2,0,0,2,4,3,2,0,9
MB 7082,202,200,101,107.6982787,107.6982787,0,19597,202335,7.259067358,1.508736074,83,83,100,0,0,0,0,4,3,2,1,10
MB 7092,485,250,194,107.2138979,107.2138979,0,19597,202335,7.344660194,1.213326501,164,164,100,0,0,0,0,4,3,2,1,10
MB 7093,426,450,94.66666667,105.586139,105.6360393,0.049900342,19597,202335,7.653846154,2.547180905,80,79,98.75,0,0,0,0,4,3,2,1,10
MB 7094,474,450,105.3333333,106.2284546,106.2573807,0.028926081,19597,202335,9.316353887,3.562298944,79,79,100,0,0,0,0,4,3,0,1,8
MBW Cimarron,330,399,82.70676692,106.6459225,106.6471057,0.001183193,19597,202335,6.835403727,1.011270441,9,9,100,0,0,0,0,4,3,2,1,10
MBW Cyclone,313,403,77.6674938,104.5535141,104.5535141,0.013157895,19597,202335,7.621794872,1.965434256,97,96,98.96907216,1,0,0,1,4,3,2,0,9
MBW Yuma,166,203,81.77339901,103.5313013,103.5313013,0.00990099,19597,202335,6.843373494,1.343734531,30,28,93.33333333,0,0,0,0,4,3,2,1,10
Skyline Boar Stud,211,200,105.5,107.6848509,107.6848509,0,19597,202335,6.995098039,0.912407895,58,58,100,0,0,0,0,4,3,2,1,10
SPG9644,227,0,0,104.9416216,105.654377,0.712755401,19597,202335,11.2364532,3.687448772,50,49,98,0,0,2,2,0,3,0,0,3
SPGNC,194,220,88.18181818,113.002539,113.002539,0,19597,202335,7.945454545,2.093120396,87,87,100,0,0,0,0,4,3,2,1,10
SPGVA,255,292,87.32876712,112.4418139,112.4418139,0.145833333,19597,202335,7.510067114,2.107314961,81,66,81.48148148,0,0,0,0,3,2,2,1,8
MB 7081,209,200,104.5,108.2104127,108.2104127,0,19604,202336,9.366666667,3.750456211,83,77,92.77108434,2,0,0,2,4,3,0,0,7
MB 7082,198,200,99,107.1474257,107.1474257,0,19604,202336,7.083832335,1.105371189,56,56,100,0,0,0,0,4,3,2,1,10
MB 7092,541,250,216.4,105.9308445,106.4267833,0.49593885,19604,202336,7.712158809,1.203860314,164,164,100,0,0,0,0,0,3,2,1,6
MB 7093,422,450,93.77777778,106.1317065,106.2821381,0.150431594,19604,202336,8.679775281,2.703932651,80,79,98.75,0,0,0,0,3,3,1,1,8
MB 7094,470,450,104.4444444,106.418039,106.4637556,0.045716685,19604,202336,8.646884273,3.112464968,79,79,100,0,0,0,0,4,3,1,1,9
MBW Cimarron,330,399,82.70676692,106.2893441,106.4105547,0.121210514,19604,202336,6.746724891,1.862970232,9,9,100,0,0,0,0,3,3,2,1,9
MBW Cyclone,313,403,77.6674938,103.7818509,105.40611,1.488782826,19604,202336,6.124378109,1.509785659,97,96,98.96907216,1,0,0,1,0,3,2,0,5
MBW Yuma,162,203,79.80295567,103.333795,103.3452319,0.008420546,19604,202336,7.203703704,1.221641747,30,28,93.33333333,0,0,0,0,4,3,2,1,10
Skyline Boar Stud,209,200,104.5,107.6051595,107.6051595,0,19604,202336,7.60952381,2.896938619,58,58,100,0,0,0,0,4,3,2,1,10
SPG9644,228,0,0,106.3687801,106.8160751,0.447294991,19604,202336,10.14150943,3.235042295,50,49,98,0,0,4,4,0,3,0,0,3
SPGNC,194,220,88.18181818,112.7341549,112.7341549,0,19604,202336,7.988095238,2.483449637,87,87,100,0,0,0,0,4,3,2,1,10
SPGVA,260,292,89.04109589,112.2573025,112.2573025,0,19604,202336,8.979057592,3.576175722,54,39,72.22222222,0,0,8,8,4,1,1,0,6
MB 7081,207,200,103.5,105.8704179,107.0728861,1.433629,19611,202337,8.489932886,3.787635377,83,77,92.77108434,0,0,0,0,4,3,1,1,9
MB 7082,196,200,98,104.5578737,104.5578737,0,19611,202337,7.760638298,2.340333085,56,56,100,0,0,0,0,4,3,2,1,10
MB 7092,539,250,215.6,104.1465717,104.1821366,0.035564916,19611,202337,7.436525612,2.05962515,77,77,100,0,0,0,0,4,3,2,1,10
MB 7093,471,450,104.6666667,104.3075863,104.3156665,0.0080802100000000009,19611,202337,7.378947368,2.768709521,80,79,98.75,0,0,0,0,4,3,2,1,10
MB 7094,468,450,104,106.852915,106.8543521,0.001437059,19611,202337,9.491467577,4.105304232,79,79,100,0,0,0,0,4,3,0,1,8
MBW Cimarron,284,399,71.17794486,101.5117502,106.5475295,5.035779266,19611,202337,8.805555556,4.07364378,9,9,100,1,0,9,10,4,3,1,1,9
MBW Cyclone,313,403,77.6674938,101.1830764,102.7977354,1.51186459,19611,202337,9.719298246,4.378059839,97,96,98.96907216,0,0,0,0,4,3,1,1,9
MBW Yuma,153,203,75.36945813,103.5090664,103.5090664,0.052631579,19611,202337,6.777777778,1.933847482,30,28,93.33333333,0,0,0,0,4,3,2,1,10
Skyline Boar Stud,207,200,103.5,107.7815373,107.7815373,0,19611,202337,7.120603015,1.191522088,58,58,100,0,0,0,0,4,3,2,1,10
SPG9644,174,0,0,109.2254339,112.2536269,3.028192975,19611,202337,10,4.222953153,50,49,98,0,0,13,13,0,3,0,0,3
SPGNC,194,220,88.18181818,111.5422184,111.5772243,0.035005913,19611,202337,8.150684932,2.8967103,87,87,100,0,0,0,0,4,3,1,1,9
SPGVA,259,292,88.69863014,109.7808646,111.1566632,0.66570902,19611,202337,8.722222222,3.344395054,54,39,72.22222222,0,0,8,8,4,1,1,1,7
MB 7081,209,200,104.5,106.6992754,106.6992754,0,19618,202338,9.184615385,3.631867172,52,48,92.30769231,0,0,0,0,4,3,0,1,8
MB 7082,193,200,96.5,105.2387493,105.2387493,0,19618,202338,7.182352941,1.180078873,77,77,100,0,0,0,0,4,3,2,1,10
MB 7092,492,250,196.8,103.6970506,103.8113239,0.114273248,19618,202338,7.656455142,1.798551718,135,135,100,0,0,0,0,3,3,2,1,9
MB 7093,468,450,104,105.3927413,105.3965299,0.003788596,19618,202338,8.830028329,2.865251109,80,79,98.75,0,0,0,0,4,3,1,1,9
MB 7094,467,450,103.7777778,106.4106079,106.4227921,0.012184146,19618,202338,9.175226586,4.0853904,79,79,100,0,0,0,0,4,3,0,1,8
MBW Cimarron,302,399,75.68922306,103.7150738,106.2079631,2.492889363,19618,202338,7.989399293,3.793877205,9,9,100,1,0,9,10,4,3,2,1,10
MBW Cyclone,393,403,97.51861042,102.9763312,102.9882662,0.057230239,19618,202338,7.602888087,1.628902993,97,96,98.96907216,0,0,0,0,4,3,2,1,10
MBW Yuma,152,203,74.87684729,104.0008915,104.0008915,0.08045977,19618,202338,6.868421053,1.454311746,30,28,93.33333333,0,0,0,0,4,3,2,1,10
Skyline Boar Stud,205,200,102.5,107.5524023,107.5524023,0,19618,202338,7.145728643,1.051151051,58,58,100,0,0,0,0,4,3,2,1,10
SPG9644,120,0,0,113.2113531,113.5318561,0.32050304,19618,202338,11.55172414,3.869165718,50,49,98,0,0,33,33,1,3,0,0,4
SPGNC,191,220,86.81818182,112.2417462,112.2417462,0,19618,202338,8.481751825,2.925803534,57,57,100,0,0,0,0,4,3,1,1,9
SPGVA,259,292,88.69863014,111.6535387,111.6535387,0,19618,202338,8.714285714,3.101885414,85,70,82.35294118,0,0,8,8,4,2,1,1,8
MB 7081,208,200,104,105.1598855,106.3392709,0.969014068,19625,202339,9.694117647,3.824627543,52,48,92.30769231,0,0,0,0,0,3,0,1,4
MB 7082,191,200,95.5,105.3115685,105.3115685,0.009259259,19625,202339,7.543010753,1.614387867,77,77,100,0,0,0,0,4,3,2,1,10
MB 7092,491,250,196.4,104.92978600000001,104.9669529,0.037166981,19625,202339,7.202797203,1.141155181,135,135,100,0,0,0,0,4,3,2,1,10
MB 7093,467,450,103.7777778,104.9737203,105.0202498,0.04652946,19625,202339,8.295977011,2.738620347,130,127,97.69230769,0,0,0,0,4,3,1,1,9
MB 7094,466,450,103.5555556,106.196651,106.2035901,0.006939116,19625,202339,10.25915493,5.291010857,79,79,100,0,0,0,0,4,3,0,1,8
MBW Cimarron,298,399,74.68671679,107.1904841,107.2249166,0.034432466,19625,202339,6.83745583,2.340305921,9,9,100,0,0,9,9,4,3,2,1,10
MBW Cyclone,391,403,97.02233251,103.5423991,103.597547,0.053002118,19625,202339,7.664705882,1.708711387,97,96,98.96907216,0,0,0,0,4,3,2,1,10
MBW Yuma,149,203,73.39901478,102.8310889,102.8310889,0.021052632,19625,202339,6.798657718,1.102698568,30,28,93.33333333,0,0,0,0,4,3,2,1,10
Skyline Boar Stud,202,200,101,107.9661797,107.9661797,0,19625,202339,7.357142857,1.322390997,58,58,100,0,0,0,0,4,3,2,1,10
SPG9644,69,0,0,114.8707933,115.47308,0.6022867,19625,202339,12.31818182,6.868744695,50,49,98,0,0,35,35,0,3,0,0,3
SPGNC,189,220,85.90909091,111.866911,111.866911,0,19625,202339,7.975903614,3.094377711,57,57,100,0,0,0,0,4,3,2,1,10
SPGVA,257,292,88.01369863,111.4048268,111.7068288,0.145794082,19625,202339,8.018404908,2.818528626,85,70,82.35294118,0,0,8,8,3,2,1,0,6
MB 7081,207,200,103.5,106.5745825,106.5745825,0.1875,19632,202340,9.24691358,2.953178577,71,66,92.95774648,0,0,0,0,3,3,0,1,7
MB 7082,190,200,95,104.1430221,104.1434895,2.8e-4,19632,202340,6.882022472,1.141221647,77,77,100,0,0,0,0,4,3,2,1,10
MB 7092,488,250,195.2,104.4727236,104.4838898,0.011166241,19632,202340,7.460620525,1.43944786,135,135,100,0,0,0,0,4,3,2,1,10
MB 7093,464,450,103.1111111,104.9861326,105.2006984,0.214565793,19632,202340,8.923076923,3.085988079,130,127,97.69230769,0,0,0,0,2,3,1,1,7
MB 7094,464,450,103.1111111,105.9908807,106.1088016,0.117920913,19632,202340,9.132768362,4.02638602,79,79,100,0,0,0,0,3,3,0,1,7
MBW Cimarron,297,399,74.43609023,105.1670508,105.1670508,0,19632,202340,6.363309353,2.153249375,28,28,100,0,0,9,9,4,3,2,0,9
MBW Cyclone,359,403,89.08188586,105.3018091,105.3451495,0.059478455,19632,202340,7.428571429,1.893966212,83,82,98.79518072,0,0,0,0,4,3,2,1,10
MBW Yuma,148,203,72.90640394,103.3901842,103.3901842,0.097826087,19632,202340,7.317567568,1.106795105,30,28,93.33333333,0,0,0,0,4,3,2,1,10
Skyline Boar Stud,201,200,100.5,106.5824607,106.6029049,0.020444161,19632,202340,7.106382979,0.536737722,58,58,100,0,0,0,0,4,3,2,1,10
SPGNC,188,220,85.45454545,111.9356515,111.9356515,0,19632,202340,7.624203822,1.855048595,85,83,97.64705882,0,0,0,0,4,3,2,1,10
SPGVA,257,292,88.01369863,111.0230577,111.2883435,0.136831629,19632,202340,8.970149254,3.15897206,85,70,82.35294118,0,0,0,0,3,2,1,1,7
MB 7081,207,200,103.5,106.4109445,106.4109445,0,19639,202341,8.891025641,3.312875601,71,66,92.95774648,0,0,0,0,4,3,1,1,9
MB 7082,193,200,96.5,104.8105059,104.8309141,0.011491985,19639,202341,6.963855422,1.610163049,54,54,100,2,0,0,2,4,3,2,0,9
MB 7092,542,250,216.8,104.9729942,105.0916926,0.118698439,19639,202341,7.664268585,1.910873241,135,135,100,0,0,0,0,3,3,2,1,9
MB 7093,413,450,91.77777778,103.9503616,103.9948425,0.044480944,19639,202341,7.979289941,2.800410647,130,127,97.69230769,0,0,0,0,4,3,2,1,10
MB 7094,462,450,102.6666667,105.3159489,105.3227467,0.006797787,19639,202341,8,2.827358786,79,79,100,0,0,0,0,4,3,2,1,10
MBW Cimarron,296,399,74.18546366,103.937978,104.6475239,0.709545864,19639,202341,6.878640777,0.877818859,19,19,100,0,0,0,0,0,3,2,1,6
MBW Cyclone,318,403,78.90818859,104.7333764,104.7349968,0.0300397,19639,202341,7.13,1.579477497,83,82,98.79518072,1,0,0,1,4,3,2,0,9
MBW Yuma,145,203,71.42857143,103.0902196,103.0902196,0.010989011,19639,202341,6.489655172,1.131108364,30,28,93.33333333,0,0,0,0,4,3,2,1,10
Skyline Boar Stud,199,200,99.5,107.6476624,108.2203242,0.572661868,19639,202341,7.604060914,3.398016191,58,58,100,0,0,0,0,0,3,2,1,6
SPGNC,187,220,85,112.3228385,112.3228385,0,19639,202341,8.364779874,2.969084127,85,83,97.64705882,0,0,0,0,4,3,1,1,9
SPGVA,283,292,96.91780822,110.9124862,110.9124862,0,19639,202341,8.224358974,2.923925152,60,51,85,0,0,0,0,4,2,1,1,8
MB 7081,207,200,103.5,105.3117955,106.8560732,0.996308201,19646,202342,8.758169935,3.316676649,71,66,92.95774648,0,0,0,0,0,3,1,1,5
MB 7082,193,200,96.5,104.4542375,104.4544926,1.64e-4,19646,202342,6.521276596,1.830979536,54,54,100,0,0,0,0,4,3,2,1,10
MB 7092,539,250,215.6,105.1849127,105.2058973,0.020984659,19646,202342,7.490364026,1.192525576,135,135,100,0,0,0,0,4,3,2,1,10
MB 7093,411,450,91.33333333,104.6454662,104.6625532,0.017086968,19646,202342,8.862686567,3.112503076,130,127,97.69230769,0,0,0,0,4,3,1,1,9
MB 7094,459,450,102,105.4421207,105.4497358,0.007615112,19646,202342,9.505617978,4.543061189,79,79,100,0,0,0,0,4,3,0,1,8
MBW Cimarron,320,399,80.20050125,103.9754172,103.9764144,9.97e-4,19646,202342,9.300341297,3.869254453,19,19,100,0,0,0,0,4,3,0,1,8
MBW Cyclone,294,403,72.9528536,105.3608135,105.4478667,0.091984294,19646,202342,7.151202749,0.974408891,83,82,98.79518072,0,0,1,1,4,3,2,0,9
MBW Yuma,143,203,70.44334975,103.2411767,103.2411767,0,19646,202342,7.121428571,0.91720452,30,28,93.33333333,0,0,0,0,4,3,2,1,10
Skyline Boar Stud,195,200,97.5,107.4069131,107.4069131,0,19646,202342,6.923857868,0.768837806,58,58,100,0,0,0,0,4,3,2,1,10
SPGNC,186,220,84.54545455,112.1873283,112.1873283,0,19646,202342,8.118012422,2.550438399,85,83,97.64705882,0,0,0,0,4,3,1,1,9
SPGVA,283,292,96.91780822,110.4083795,110.4083795,0,19646,202342,8.232432432,3.061866976,61,52,85.24590164,0,0,0,0,4,2,1,1,8
MB 7081,222,200,111,107.641573,107.641573,0,19653,202343,9.132867133,3.440106783,57,55,96.49122807,0,0,0,0,4,3,0,1,8
MB 7082,190,200,95,105.2865867,105.2865867,0.064220183,19653,202343,6.605882353,1.265365017,79,78,98.73417722,0,0,0,0,4,3,2,1,10
MB 7092,538,250,215.2,106.1877313,106.21,0.03,19653,202343,7.955156951,1.790802431,116,116,100,0,0,0,0,4,3,2,1,10
MB 7093,410,450,91.11111111,104.1662551,104.3300748,0.163819757,19653,202343,7.849673203,2.50054746,130,127,97.69230769,0,0,0,0,3,3,2,1,9
MB 7094,458,450,101.7777778,105.1777459,105.2025863,0.024840422,19653,202343,8.98255814,4.211567906,79,79,100,0,0,0,0,4,3,1,1,9
MBW Cimarron,320,399,80.20050125,104.0514447,104.0514447,0,19653,202343,6.514563107,1.352228159,19,19,100,0,0,0,0,4,3,2,1,10
MBW Cyclone,292,403,72.45657568,103.6416453,106.8126013,2.768278596,19653,202343,7.061797753,0.969361793,83,82,98.79518072,0,0,1,1,0,3,2,0,5
MBW Yuma,143,203,70.44334975,103.1603611,103.1603611,0.011235955,19653,202343,7.125874126,0.637635739,30,28,93.33333333,0,0,0,0,4,3,2,1,10
Skyline Boar Stud,194,200,97,107.5101655,107.5101655,0,19653,202343,7.154639175,0.563854356,58,58,100,0,0,0,0,4,3,2,1,10
SPGNC,187,220,85,110.9669784,110.9669784,0,19653,202343,7.839160839,2.639489787,56,54,96.42857143,0,0,0,0,4,3,2,1,10
SPGVA,283,292,96.91780822,110.0580843,110.074248,0.175440678,19653,202343,8.37254902,2.787804435,87,74,85.05747126,0,0,0,0,3,2,1,1,7
MB 7081,221,200,110.5,107.5000448,107.7956371,0.301594786,19660,202344,9.56547619,3.501308363,57,55,96.49122807,0,0,0,0,1,3,0,1,5
MB 7082,187,200,93.5,105.1743491,105.1743491,0.008928571,19660,202344,7.502793296,2.592934006,79,78,98.73417722,0,0,0,0,4,3,2,1,10
MB 7092,531,250,212.4,105.467343,105.6109201,0.143577117,19660,202344,7.854214123,1.89487997,116,116,100,0,0,0,0,3,3,2,1,9
MB 7093,482,450,107.1111111,105.2955743,105.3487535,0.053179231,19660,202344,9.167701863,3.18042303,130,127,97.69230769,0,0,0,0,4,3,0,1,8
MB 7094,452,450,100.4444444,104.7317707,104.847742,0.115971314,19660,202344,8.761772853,3.862753935,79,79,100,0,0,0,0,3,3,1,1,8
MBW Cimarron,319,399,79.94987469,103.6640119,103.6640119,0,19660,202344,7.083067093,1.698264815,44,43,97.72727273,0,0,0,0,4,3,2,1,10
MBW Cyclone,292,403,72.45657568,104.4892423,105.0860308,0.583456496,19660,202344,10.20377358,4.22250295,83,82,98.79518072,0,0,1,1,0,3,0,0,3
MBW Yuma,178,203,87.68472906,106.7708177,106.9127783,0.100663006,19660,202344,6.907801418,1.02748451,30,28,93.33333333,1,0,0,1,3,3,2,0,8
Skyline Boar Stud,192,200,96,105.9340449,105.9340449,0,19660,202344,6.9375,0.537835491,58,58,100,0,0,0,0,4,3,2,1,10
SPGNC,184,220,83.63636364,111.9463612,111.9463612,0,19660,202344,7.49132948,2.019148154,56,54,96.42857143,0,0,0,0,4,3,2,1,10
SPGVA,258,292,88.35616438,109.7820484,109.8462879,0.101377021,19660,202344,7.352941176,2.179831687,87,74,85.05747126,0,0,0,0,3,2,2,1,8
MB 7081,221,200,110.5,108.1903361,108.1903361,0,19667,202345,8.007352941,2.816607688,87,84,96.55172414,0,0,0,0,4,3,1,1,9
MB 7082,186,200,93,104.9038443,104.9038443,0,19667,202345,6.935294118,1.077714641,79,78,98.73417722,0,0,0,0,4,3,2,1,10
MB 7092,465,250,186,105.5287984,105.6079017,0.07910328,19667,202345,7.146401985,1.266053416,116,116,100,3,0,0,3,4,3,2,0,9
MB 7093,478,450,106.2222222,104.7346673,104.7638872,0.02921988,19667,202345,7.391566265,2.698940368,50,48,96,0,0,0,0,4,3,2,1,10
MB 7094,451,450,100.2222222,105.0732761,105.2211086,0.147832531,19667,202345,9.185279188,3.842799889,79,79,100,0,0,0,0,3,3,0,1,7
MBW Cimarron,317,399,79.44862155,104.4207981,104.4229381,0.002140032,19667,202345,7.045901639,1.247836782,44,43,97.72727273,0,0,0,0,4,3,2,1,10
MBW Cyclone,375,403,93.05210918,104.5081545,104.7038021,0.249607577,19667,202345,7.381818182,2.746536698,83,82,98.79518072,1,0,1,2,2,3,2,0,7
MBW Yuma,173,203,85.22167488,106.6504729,106.6504729,0.018691589,19667,202345,6.809248555,1.382416998,38,38,100,0,0,0,0,4,3,2,1,10
Skyline Boar Stud,190,200,95,103.9611907,103.9737787,0.012587995,19667,202345,7,0.271448357,58,58,100,0,0,0,0,4,3,2,1,10
SPGNC,183,220,83.18181818,111.03591,111.2801254,0.244215384,19667,202345,7.083333333,1.77277031,85,83,97.64705882,0,0,0,0,2,3,2,1,8
SPGVA,256,292,87.67123288,109.6416934,109.9127743,0.183764175,19667,202345,6.910994764,1.634314456,58,54,93.10344828,0,0,0,0,3,3,2,1,9
MB 7081,221,200,110.5,107.3190402,107.3413084,0.014716418,19674,202346,10.29292929,4.660564714,87,84,96.55172414,0,0,0,0,4,3,0,1,8
MB 7082,179,200,89.5,103.9479958,103.9479958,0,19674,202346,7.05625,1.777733965,46,45,97.82608696,0,0,0,0,4,3,2,1,10
MB 7092,460,250,184,104.6324117,104.8243562,0.191944465,19674,202346,7.637209302,1.524779514,116,116,100,3,0,0,3,3,3,2,0,8
MB 7093,475,450,105.5555556,104.8769619,104.9288601,0.051898203,19674,202346,8.942643392,3.31122364,125,122,97.6,0,0,0,0,4,3,1,1,9
MB 7094,451,450,100.2222222,103.6871887,104.0141132,0.326924552,19674,202346,7.875661376,2.29932298,79,79,100,0,0,0,0,1,3,2,1,7
MBW Cimarron,316,399,79.19799499,103.5961683,103.5961683,0,19674,202346,6.84717608,1.613453955,44,43,97.72727273,0,0,0,0,4,3,2,1,10
MBW Cyclone,374,403,92.80397022,106.7623629,108.2408283,1.337367108,19674,202346,7.25,1.337211873,83,82,98.79518072,2,0,0,2,0,3,2,0,5
MBW Yuma,165,203,81.28078818,105.8156541,105.8156541,0,19674,202346,6.941860465,1.007047113,38,38,100,0,0,0,0,4,3,2,1,10
Skyline Boar Stud,265,200,132.5,109.0012258,109.0012258,0,19674,202346,7.481283422,1.103962784,58,58,100,1,0,0,1,4,3,2,0,9
SPGNC,182,220,82.72727273,111.8381496,111.8381496,0,19674,202346,7.713286713,1.701790183,85,83,97.64705882,0,0,0,0,4,3,2,1,10
SPGVA,261,292,89.38356164,108.178193,108.2355325,0.145187472,19674,202346,7.143518519,2.17656752,58,54,93.10344828,1,0,0,1,3,3,2,0,8
MB 7081,221,200,110.5,107.8957308,107.8957308,0,19681,202347,8.361702128,2.959914564,87,84,96.55172414,0,0,0,0,4,3,1,1,9
MB 7082,179,200,89.5,104.3977836,104.3977836,0.027777778,19681,202347,7.207100592,2.011501866,46,45,97.82608696,0,0,0,0,4,3,2,1,10
MB 7092,458,250,183.2,105.4584721,105.4594838,0.001011777,19681,202347,6.874125874,1.460702364,116,116,100,3,0,0,3,4,3,2,0,9
MB 7093,472,450,104.8888889,104.6632865,104.7617938,0.098507342,19681,202347,7.832352941,2.157134091,125,122,97.6,0,0,0,0,4,3,2,1,10
MB 7094,509,450,113.1111111,105.786742,107.17401,1.387268012,19681,202347,8.230337079,2.736869992,79,79,100,0,0,0,0,0,3,1,1,5
MBW Cimarron,316,399,79.19799499,104.283698,105.1396457,0.85594768,19681,202347,7.257281553,1.071502427,44,43,97.72727273,0,0,0,0,0,3,2,1,6
MBW Cyclone,374,403,92.80397022,107.251078,107.6848616,0.391586737,19681,202347,7.085409253,2.28656806,168,144,85.71428571,2,0,0,2,1,2,2,0,5
MBW Yuma,163,203,80.2955665,106.1464118,106.2213045,0.104246463,19681,202347,6.907407407,0.931208762,38,38,100,0,0,0,0,3,3,2,1,9
Skyline Boar Stud,265,200,132.5,106.6327454,106.6327454,0,19681,202347,6.713207547,0.702279227,58,58,100,0,0,0,0,4,3,2,1,10
SPGNC,182,220,82.72727273,114.1278578,114.1278578,0,19681,202347,7.264705882,2.391637465,85,83,97.64705882,0,0,0,0,4,3,2,1,10
SPGVA,258,292,88.35616438,109.7264311,109.7293471,0.001487175,19681,202347,6.835680751,1.416294705,58,54,93.10344828,0,0,0,0,4,3,2,1,10
MB 7081,219,200,109.5,108.36970857348176,108.36970857348176,0.1573033707865175,19688,202348,10.08152174,3.3614474291883485,49,47,95.91836734693877,1,0,0,1,3,3,0,0,6
MB 7082,178,200,89,103.64233065562877,103.64233065562877,0,19688,202348,7.113095238,1.9589365171695947,65,64,98.46153846153847,0,0,0,0,4,3,2,1,10
MB 7092,457,250,182.8,104.68878326994327,104.7568341129511,0.068050843,19688,202348,7.276497696,1.2520839686014908,116,116,100,3,0,0,3,4,3,2,0,9
MB 7093,467,450,103.77777777777777,104.92987045445217,105.13196841429242,0.2020979598402448,19688,202348,7.643076923,2.058254176823226,125,122,97.6,0,0,0,0,2,3,2,1,8
MB 7094,508,450,112.88888888888889,105.52104496060663,105.64893505181409,0.12789009120746186,19688,202348,8.557324841,3.0561665273710363,60,60,100,0,0,0,0,3,3,1,1,8
MBW Cimarron,311,399,77.94486215538848,103.61693406760335,103.61693406760335,0,19688,202348,9.792332268,3.857851466882302,44,43,97.72727272727273,0,0,0,0,4,3,0,1,8
MBW Cyclone,368,403,91.31513648,107.47116840960628,107.84081528131742,0.35935107726934484,19688,202348,8.36416185,2.8151328163567597,168,144,85.71428571428571,2,0,0,2,1,2,1,0,4
MBW Yuma,179,203,88.17733990147784,105.11142114188972,105.11142114188972,0,19688,202348,7.154320988,1.662785912104944,38,38,100,0,0,0,0,4,3,2,1,10
Skyline Boar Stud,261,200,130.5,107.28017377214542,107.28017377214542,0,19688,202348,6.991666667,0.6203769043789028,80,78,97.5,0,0,0,0,4,3,2,1,10
SPGNC,182,220,82.72727272727273,112.36957264831759,112.36957264831759,0,19688,202348,7.584615385,1.6880088512599754,57,55,96.49122807017544,0,0,0,0,4,3,2,1,10
SPGVA,256,292,87.67123287671232,111.77986070431982,111.9817427376716,0.12255067290754598,19688,202348,7.316455696,1.3296900090903214,88,84,95.45454545454545,0,0,0,0,3,3,2,1,9
MB 7081,219,200,109.5,107.4898424702622,107.5041104024015,0.018990785,19695,202349,7.771428571,2.973123874042389,49,47,95.91836734693877,1,0,0,1,4,3,2,0,9
MB 7082,178,200,89,103.44706031794512,103.45108948586196,0.022861598634125298,19695,202349,7.121794872,1.160327810844286,65,64,98.46153846153847,0,0,0,0,4,3,2,1,10
MB 7092,512,250,204.8,107.19753880989202,107.41799077331254,0.22045196342051554,19695,202349,7.257731959,1.1727161036462286,116,116,100,0,0,0,0,2,3,2,1,8
MB 7093,415,450,92.22222222222223,104.74803885626542,104.81309808026154,0.065059224,19695,202349,10.07466667,5.782582489645467,125,122,97.6,0,0,0,0,4,3,0,1,8
MB 7094,474,450,105.33333333333333,104.90747480957181,105.02810064504075,0.12062583546894246,19695,202349,8.836683417,3.8111543905608927,60,60,100,0,1,2,3,3,3,1,0,7
MBW Cimarron,340,399,85.21303258145363,102.8258853185893,102.82630591742324,4.2059883394074404e-4,19695,202349,6.813148789,1.030624868779178,44,43,97.72727272727273,2,0,0,2,4,3,2,0,9
MBW Cyclone,368,403,91.31513648,106.07203652955421,109.68835490064026,3.1593111044103424,19695,202349,7.21875,2.037363685094125,168,144,85.71428571428571,1,0,0,1,0,2,2,0,4
MBW Yuma,166,203,81.77339901477832,104.18880215084634,104.20047302994138,0.008705328,19695,202349,6.581818182,1.4401588973677195,38,38,100,0,0,0,0,4,3,2,1,10
Skyline Boar Stud,254,200,127,106.82867050155664,106.82867050155664,0,19695,202349,7.65503876,2.0747682347828214,80,78,97.5,0,0,0,0,4,3,2,1,10
SPGNC,182,220,82.72727272727273,112.31427352850994,112.31427352850994,0,19695,202349,7.844155844,2.4816446953289892,57,55,96.49122807017544,0,0,0,0,4,3,2,1,10
SPGVA,255,292,87.32876712328768,111.08853171921794,111.08853171921794,0.21212121212121327,19695,202349,7.2,1.0538037213376232,88,84,95.45454545454545,0,0,0,0,2,3,2,1,8
MB 7081,219,200,109.5,107.65228352336948,108.18961462011295,0.3486935840569339,19702,202350,9.72392638,3.737181124855844,64,61,95.3125,1,0,0,1,1,3,0,0,4
MB 7082,181,200,90.5,103.1696674781851,103.1696674781851,0,19702,202350,7.013245033,1.455961331752495,65,64,98.46153846153847,0,0,0,0,4,3,2,1,10
MB 7092,467,250,186.8,105.53712810198738,105.58400997016565,0.046881868,19702,202350,7.355971897,1.4256966600032823,116,116,100,0,0,0,0,4,3,2,1,10
MB 7093,413,450,91.77777777777779,105.78494129207684,105.80232162450712,0.017380332430278145,19702,202350,8.013745704,2.1285781373571733,125,122,97.6,0,0,0,0,4,3,1,1,9
MB 7094,472,450,104.8888888888889,104.72037774168975,104.8980990227283,0.17772128103855778,19702,202350,8.125,2.874414997939837,60,60,100,0,1,2,3,3,3,1,0,7
MBW Cimarron,333,399,83.45864661654136,103.67798891682384,105.16073562848233,1.4827467116584927,19702,202350,6.751592357,3.9705884370167888,44,43,97.72727272727273,1,0,0,1,0,3,2,0,5
MBW Cyclone,333,403,82.63027295,107.44598624165276,108.24777379338727,0.7299922954467604,19702,202350,10.62987013,5.556873607,168,144,85.71428571428571,0,0,0,0,0,2,0,1,3
MBW Yuma,162,203,79.80295566502463,103.64384906518055,103.89958604137196,0.22380326674479695,19702,202350,6.754716981,1.2912410923734834,57,56,98.24561403508771,0,0,0,0,2,3,2,1,8
Skyline Boar Stud,251,200,125.49999999999999,105.83183319991339,105.83183319991339,0,19702,202350,6.807086614,0.6209365745569212,80,78,97.5,0,0,0,0,4,3,2,1,10
SPGNC,182,220,82.72727272727273,113.15468404002482,113.15468404002482,0,19702,202350,7.872611465,2.0560296398943576,57,55,96.49122807017544,0,0,0,0,4,3,2,1,10
SPGVA,229,292,78.42465753424658,110.83520741801267,110.90759509825887,0.074006026,19702,202350,7.187793427,1.3502065930511742,88,84,95.45454545454545,0,0,0,0,4,3,2,1,10
MB 7081,219,200,109.5,107.60160754317248,107.60160754317248,0,19709,202351,9.88125,5.257366051431281,64,61,95.3125,1,0,0,1,4,3,0,0,7
MB 7082,181,200,90.5,105.87651093940785,105.90503595757505,0.018266020405313055,19709,202351,7.035087719,1.498606163552163,44,43,97.72727272727273,0,0,0,0,4,3,2,1,10
MB 7092,460,250,184,105.60601061086348,105.61259802684876,0.006587416,19709,202351,7.354988399,1.408187665002469,117,117,100,0,0,0,0,4,3,2,1,10
MB 7093,413,450,91.77777777777779,104.56951625313755,104.6547198695761,0.085203616,19709,202351,8.229110512,2.9175728557887193,125,122,97.6,0,0,0,0,4,3,1,1,9
MB 7094,470,450,104.44444444444446,104.40712653520343,104.59315288697927,0.18602635177583693,19709,202351,8.940229885,3.7943828168565146,60,60,100,0,1,2,3,3,3,1,0,7
MBW Cimarron,326,399,81.70426065162907,102.90119266932102,103.03661626026529,0.1354235909442707,19709,202351,7.369649805,1.2928337161095884,80,78,97.5,1,0,0,1,3,3,2,0,8
MBW Cyclone,359,403,89.08188586,105.3048246433922,105.30580557480177,0.018203902,19709,202351,8.165016502,4.927873543962924,168,144,85.71428571428571,4,0,0,4,4,2,1,0,7
MBW Yuma,155,203,76.35467980295566,104.71524038514418,104.71524038514418,0.054545454545456604,19709,202351,7.15483871,1.9310919308114456,57,56,98.24561403508771,0,0,0,0,4,3,2,1,10
Skyline Boar Stud,250,200,125,105.75230293785106,105.75230293785106,0,19709,202351,7.168,0.6109575077738393,80,78,97.5,0,0,0,0,4,3,2,1,10
SPGNC,182,220,82.72727272727273,111.67230807146024,111.67230807146024,0,19709,202351,7.487012987,2.534047920339182,57,55,96.49122807017544,0,0,0,0,4,3,2,1,10
SPGVA,254,292,86.98630136986301,109.68829330525412,109.68829330525412,0,19709,202351,7.09047619,1.737953689183398,57,53,92.98245614035088,0,0,0,0,4,3,2,1,10
MB 7081,217,200,108.5,107.49499755016187,107.49499755016187,0,19716,202352,9.028901734,3.1111721892962567,64,61,95.3125,0,0,0,0,4,3,0,1,8
MB 7082,180,200,90,102.60284509992576,109.18278355194694,0,19716,202352,7.2,1.793769790941157,79,75,94.93670886,0,0,0,0,4,3,2,1,10
MB 7092,456,250,182.4,104.09835366718988,106.12783245247319,0,19716,202352,7.524590164,1.8111365451005832,117,117,100,0,0,0,0,4,3,2,1,10
MB 7093,467,450,103.77777777777777,106.33589782132283,106.34014994506488,0,19716,202352,8.104761905,2.086290678,75,74,98.66666666666667,0,0,0,0,4,3,1,1,9
MB 7094,469,450,104.22222222222221,103.48420616768313,105.37395507874994,0,19716,202352,7.586440678,2.446395211946253,60,60,100,0,1,2,3,4,3,2,0,9
MBW Cimarron,318,399,79.69924812030075,105.1162950899257,105.1162950899257,0,19716,202352,8.195571956,2.443915109111595,80,78,97.5,2,0,0,2,4,3,1,0,8
MBW Cyclone,358,403,88.83374689826302,108.69991711784031,108.98616887919758,0,19716,202352,8.842490842,1.9574772801505353,168,144,85.71428571428571,4,0,0,4,4,2,1,0,7
MBW Yuma,155,203,76.35467980295566,104.46757520929137,104.46757520929137,0,19716,202352,6.987012987,1.4095241536417586,57,56,98.24561403508771,0,0,0,0,4,3,2,1,10
Skyline Boar Stud,249,200,124.50000000000001,104.47017756484601,106.04677448732215,0,19716,202352,6.731707317,0.7007071731889768,80,78,97.5,0,0,0,0,4,3,2,1,10
SPGNC,180,220,81.81818181818183,111.55620678787987,111.55620678787987,0,19716,202352,8.012820513,2.330685014871004,57,55,96.49122807017544,0,0,0,0,4,3,1,1,9
SPGVA,253,292,86.64383561643835,111.2038966550889,111.2038966550889,0,19716,202352,6.600896861,1.3941315560666192,57,53,92.98245614035088,0,0,0,0,4,3,2,1,10
MB 7081,226,200,112.99999999999999,106.83579285714048,106.83579285714048,0,19723,202401,9.307189542,3.962457115410698,45,43,95.55555555555556,0,0,0,0,4,3,0,1,8
MB 7082,180,200,90,106.87333521377782,106.87333521377782,0,19723,202401,7.6875,1.7236333570935365,79,75,94.93670886,0,0,0,0,4,3,2,1,10
MB 7092,449,250,179.6,106.91561994323662,106.98688755030753,0.071267607,19723,202401,7.520100503,1.3920783403755768,117,117,100,0,0,0,0,4,3,2,1,10
MB 7093,463,450,102.8888888888889,105.06701543254621,105.19908364683542,0.13206821428920534,19723,202401,8.34375,3.6885154210598077,75,74,98.66666666666667,0,0,0,0,3,3,1,1,8
MB 7094,464,450,103.11111111111111,104.7114961909507,104.86281847952188,0.1513222885711798,19723,202401,9.012919897,3.6699788229531163,60,60,100,0,0,0,0,3,3,0,1,7
MBW Cimarron,310,399,77.69423558897243,106.85217527080628,106.85217527080628,0.09009009,19723,202401,7.304347826,2.277187971999475,61,59,96.72131147540983,2,0,0,2,4,3,2,0,9
MBW Cyclone,355,403,88.08933002481389,107.2390603570433,107.40244430900765,0.2734310564390851,19723,202401,7.694267516,3.4459077371107067,115,87,75.65217391304347,4,0,0,4,2,1,2,0,5
MBW Yuma,152,203,74.87684729,102.26560672250406,108.40666934741535,5.666092865169227,19723,202401,6.594771242,1.3200772928762643,57,56,98.24561403508771,0,0,0,0,0,3,2,1,6
Skyline Boar Stud,244,200,122,105.41681847439864,105.41681847439864,0,19723,202401,7.318548387,1.2912578643102768,80,78,97.5,0,0,0,0,4,3,2,1,10
SPGNC,179,220,81.36363636363636,112.31178772505825,112.31194550382452,1.577787662654373e-4,19723,202401,7.574468085,2.1321821235304306,29,29,100,0,0,0,0,4,3,2,1,10
SPGVA,253,292,86.64383561643835,111.96942206062482,112.19501393938873,0.12046168283509624,19723,202401,6.951111111,1.7300678948049757,85,78,91.76470588235294,0,0,0,0,3,3,2,1,9
MB 7081,225,200,112.5,108.03537822383346,108.50605927716259,0.39206311626380685,19730,202402,8.796296296,3.2611755089971917,45,43,95.55555555555556,0,0,0,0,1,3,1,1,6
MB 7082,180,200,90,106.24926567245008,106.25286157988998,0.00210058,19730,202402,7.283950617,1.9351894503449332,79,75,94.93670886,0,0,0,0,4,3,2,1,10
MB 7092,446,250,178.4,105.38339468795996,105.41453427373821,0.031139585778248602,19730,202402,7.458227848,1.2544952263068105,117,117,100,0,0,0,0,4,3,2,1,10
MB 7093,460,450,102.22222222222221,104.94777265778033,104.96092774516805,0.013155087,19730,202402,8.968253968,3.483046871766996,135,134,99.25925925925925,0,0,0,0,4,3,1,1,9
MB 7094,464,450,103.11111111111111,96.09715900125339,106.27114219327093,10.173983192017545,19730,202402,9.549295775,4.171377254,60,60,100,0,0,0,0,0,3,0,1,4
MBW Cimarron,308,399,77.19298245614034,103.05068633450102,103.17641296681411,0.12112687747236645,19730,202402,5.957671958,1.3715602539129297,61,59,96.72131147540983,1,0,0,1,3,3,1,0,7
MBW Cyclone,352,403,87.34491315136476,106.72713115054079,106.72713115054079,0,19730,202402,7.649350649,2.504803118993216,115,87,75.65217391304347,4,0,0,4,4,1,2,0,7
MBW Yuma,145,203,71.42857142857143,104.1387671907649,104.1387671907649,0,19730,202402,7.308219178,1.8063683073987131,57,56,98.24561403508771,0,0,0,0,4,3,2,1,10
Skyline Boar Stud,241,200,120.5,105.49216011668007,105.89082088967245,0.3986607729923861,19730,202402,7.218181818,0.6175783932538692,80,78,97.5,0,0,0,0,1,3,2,1,7
SPGNC,179,220,81.36363636363636,112.45676388804705,112.45676388804705,0,19730,202402,7.268456376,1.7422836539594648,29,29,100,0,0,0,0,4,3,2,1,10
SPGVA,251,292,85.95890410958904,109.19833696441464,109.60166607851767,0.2293440060585859,19730,202402,6.748858447,1.8954160234337267,85,78,91.76470588235294,0,0,0,0,2,3,2,1,8
MB 7081,225,200,112.5,109.0844991998234,109.36013123153548,0.1837546878080521,19737,202403,8.851190476,3.0907237703456145,77,72,93.50649351,0,0,0,0,3,3,1,1,8
MB 7082,186,200,93,106.90121833039156,106.90121833039156,0.032608696,19737,202403,6.853333333,1.5986011782396983,79,75,94.93670886,3,0,0,3,4,3,2,0,9
MB 7092,440,250,176,104.81103861122303,104.83650613499134,0.025467523768313072,19737,202403,7.28125,1.4628687363393327,117,117,100,0,0,0,0,4,3,2,1,10
MB 7093,459,450,102,104.13158353367957,104.13158353367957,0,19737,202403,9.105943152,8.320437465262286,135,134,99.25925925925925,0,0,0,0,4,3,0,1,8
MB 7094,461,450,102.44444444444444,105.86835784575872,106.05827248819725,0.18991464243852363,19737,202403,11.41221374,3.489162705185694,60,60,100,0,0,0,0,3,3,0,1,7
MBW Cimarron,308,399,77.19298245614034,105.9221588531717,105.92395633020405,0.001723201,19737,202403,9.346320346,3.705632828836317,61,59,96.72131147540983,1,0,0,0,4,3,0,1,8
MBW Cyclone,348,403,86.35235732009926,107.30852428289077,107.40895862742542,0.082216022,19737,202403,7.786833856,2.2031314921448444,115,87,75.65217391304347,0,0,0,0,4,1,2,1,8
MBW Yuma,145,203,71.42857142857143,104.95658376941243,104.95658376941243,0,19737,202403,7.206896552,1.006206791509426,57,56,98.24561403508771,0,0,0,0,4,3,2,1,10
Skyline Boar Stud,236,200,118,108.31464911013977,108.52506189607544,0,19737,202403,7.508196721,1.2807919918043495,80,78,97.5,0,0,0,0,4,3,2,1,8
SPGNC,178,220,80.90909091,111.54587598326822,111.54587598326822,0,19737,202403,7.715116279,2.368211378361091,83,80,96.38554217,0,0,0,0,4,3,2,1,10
SPGVA,249,292,85.27397260273972,109.00571143570895,109.05840552244175,0.083874422,19737,202403,6.400900901,1.994698652457767,84,77,91.66666666666666,0,0,0,0,4,3,2,1,10
MB 7081,224,200,112.00000000000001,108.01205196705136,108.18794840732394,0.1731503919270168,19744,202404,8.932960894,3.271596808629908,77,72,93.50649351,0,0,0,0,3,3,1,1,8
MB 7082,186,200,93,106.47218343894207,106.47218343894207,0.00877193,19744,202404,7.04,2.0826596611947465,54,51,94.44444444444444,0,0,0,0,4,3,2,1,10
MB 7092,438,250,175.2,104.54825014990332,104.57657488662889,0.028324736725565458,19744,202404,7.21369863,1.3880687695235743,59,59,100,0,0,0,0,4,3,2,1,10
MB 7093,440,450,97.77777777777777,103.95885564809845,104.01969211266388,0.060836465,19744,202404,8.007537688,2.406423701275848,135,134,99.25925925925925,0,0,0,0,4,3,1,1,9
MB 7094,461,450,102.44444444444444,104.77661121275133,104.86742908116703,0.090817868,19744,202404,8.840125392,3.4780743583323623,60,60,100,0,0,0,0,4,3,1,1,9
MBW Cimarron,359,399,89.97493734335839,105.11496822680569,105.11723090764744,0.002175655,19744,202404,5.574898785,2.0683094432721134,61,59,96.72131147540983,0,0,0,0,4,3,1,1,9
MBW Cyclone,342,403,84.86352357,106.15408323894013,106.26039211254228,0.12540075940834466,19744,202404,7.48880597,2.4008163545352494,115,87,75.65217391304347,0,0,0,0,3,1,2,1,7
MBW Yuma,171,203,84.23645320197043,103.58050571944766,103.58050571944766,0,19744,202404,6.585185185,1.0607318311851168,57,56,98.24561403508771,0,0,0,0,4,3,2,1,10
Skyline Boar Stud,232,200,115.99999999999999,105.27682170532938,105.27682170532938,0,19744,202404,7.163793103,1.3023054184391443,80,78,97.5,0,0,0,0,4,3,2,1,10
SPGNC,176,220,80,112.20911715854182,112.20911715854182,0,19744,202404,7.136363636,1.2683589408570626,83,80,96.38554217,0,0,0,0,4,3,2,1,10
SPGVA,249,292,85.27397260273972,106.01765798945306,106.01765798945306,0.074380165,19744,202404,6.415458937,1.9033319422867263,58,55,94.82758620689656,2,0,0,2,4,3,2,0,9
MB 7081,224,200,112.00000000000001,108.8660228,108.99880899828318,0.1787878565329804,19751,202405,8.628742515,3.0388865628278734,77,72,93.50649351,0,0,0,0,3,3,1,1,8
MB 7082,186,200,93,105.54057271077278,105.54057271077278,0.025210084,19751,202405,6.805714286,1.4688221211723766,82,76,92.68292683,0,0,0,0,4,3,2,1,10
MB 7092,435,250,174,104.67528203770821,104.70248057493498,0.027198537,19751,202405,7.544303797,1.8660571394183982,59,59,100,0,0,0,0,4,3,2,1,10
MB 7093,421,450,93.55555555555556,103.86191380858176,104.16979491927135,0.3078811106895927,19751,202405,6.891891892,1.6126831953461804,135,134,99.25925925925925,0,0,0,0,1,3,2,1,7
MB 7094,459,450,102,102.84542775330047,103.30297006724166,0.4575423139411896,19751,202405,11.46197183,6.555766129692766,60,60,100,0,0,0,0,0,3,0,1,4
MBW Cimarron,353,399,88.47117794486216,104.97113787135243,108.70193515361467,3.6040056705824273,19751,202405,7.38697318,1.030152544365416,36,35,97.22222222222221,0,0,0,0,0,3,2,1,6
MBW Cyclone,310,403,76.92307692307693,105.47138850244846,105.49050449563539,0.015871536,19751,202405,8.209059233,3.074515395319976,115,87,75.65217391304347,0,0,0,0,4,1,1,1,7
MBW Yuma,163,203,80.29556650246306,103.6067145690027,103.6067145690027,0.011764705882352271,19751,202405,7.392,0.9148946704755232,57,56,98.24561403508771,0,0,0,0,4,3,2,1,10
Skyline Boar Stud,230,200,114.99999999999999,105.33712667083302,105.33712667083302,0,19751,202405,7.034934498,0.26258268553596104,80,78,97.5,0,0,0,0,4,3,2,1,10
SPGNC,174,220,79.09090909,112.92974698042701,112.92974698042701,0,19751,202405,8.069620253,2.4653447417426535,83,80,96.38554217,0,0,0,0,4,3,1,1,9
SPGVA,249,292,85.27397260273972,105.67768250495143,106.10149262127874,0.4490561918899837,19751,202405,6.261306533,2.033075070907862,58,55,94.82758620689656,2,0,0,2,0,3,2,0,5
MB 7081,226,200,112.99999999999999,108.81399688834428,108.9480470456021,0.097384826,19758,202406,8.581818182,3.2835003765551996,47,43,91.48936170212765,0,0,0,0,4,3,1,1,9
MB 7082,186,200,93,105.71732827547837,105.71732827547837,0,19758,202406,6.994047619,1.3907178338999004,82,76,92.68292683,0,0,0,0,4,3,2,1,10
MB 7092,430,250,172,104.27691085578648,104.28301536926487,0.006104513,19758,202406,7.235436893,1.2596707380385623,59,59,100,0,0,0,0,4,3,2,1,10
MB 7093,419,450,93.11111111111111,104.41965462816047,104.72764099741872,0.30798636925824496,19758,202406,7.622641509,3.5826797351494717,135,134,99.25925925925925,0,0,0,0,1,3,2,1,7
MB 7094,525,450,116.66666666666667,102.79622567220464,103.23402823544022,0.43780256323557865,19758,202406,7.601744186,1.6716107989694866,60,60,100,0,0,0,0,0,3,2,1,6
MBW Cimarron,349,399,87.46867168,104.21777013311915,107.07814966779382,2.7822270883720908,19758,202406,7.588235294,2.7564217679025185,135,125,92.59259259,0,0,0,0,0,3,2,1,6
MBW Cyclone,280,403,69.47890819,105.81898869039132,106.94622944075523,1.0831546378093229,19758,202406,6.697435897,1.333835486,115,87,75.65217391304347,0,0,0,0,0,1,2,1,4
MBW Yuma,152,203,74.87684729,102.02253079644936,102.02253079644936,0,19758,202406,6.920529801,1.3590348477648737,58,54,93.10344827586206,0,0,0,0,4,3,2,1,10
Skyline Boar Stud,226,200,112.99999999999999,105.60464282604258,105.60464282604258,0,19758,202406,7.013274336,0.466476995,80,78,97.5,0,0,0,0,4,3,2,1,10
SPGNC,182,220,82.72727272727273,112.65541191718924,112.65541191718924,0,19758,202406,7.17218543,2.415951405151391,54,51,94.44444444444444,0,0,0,0,4,3,2,1,10
SPGVA,248,292,84.93150684931507,105.85144035452736,105.93202731744381,0.079238929,19758,202406,6.488262911,1.884921120011411,86,77,89.53488372093024,2,0,0,2,4,2,2,0,8
MB 7081,226,200,112.99999999999999,109.30356755576175,109.86299157992205,0.36030699861172344,19765,202407,8.617834395,2.6879003144842035,47,43,91.48936170212765,0,0,0,0,1,3,1,1,6
MB 7082,186,200,93,105.44666001003561,105.44666001003561,0.016949152542370474,19765,202407,7.101190476,1.5423750289630063,82,76,92.68292683,0,0,0,0,4,3,2,1,10
MB 7092,427,250,170.79999999999998,104.12824843260762,104.14119348102707,0.012945048419453542,19765,202407,6.954773869,1.0052581277443489,59,59,100,0,0,0,0,4,3,2,1,10
MB 7093,415,450,92.22222222222223,102.31940191768524,102.39849672048837,0.079094803,19765,202407,7.203166227,1.5847789562018995,60,60,100,0,0,0,0,4,3,2,1,10
MB 7094,493,450,109.55555555555556,104.79395006939504,104.93728886105977,0.14333879166473196,19765,202407,8.768545994,3.1537706964465815,60,60,100,5,0,0,5,3,3,1,0,7
MBW Cimarron,345,399,86.46616541353383,105.64675242621522,107.70512436296865,2.0069126383345957,19765,202407,10.04153355,4.650082734271484,135,125,92.59259259,0,0,0,0,0,3,0,1,4
MBW Cyclone,250,403,62.03473945409429,104.60122240513812,104.60290613210934,0.001432787,19765,202407,7.612244898,2.1483536064781594,115,87,75.65217391304347,0,0,0,0,4,1,2,1,8
MBW Yuma,151,203,74.38423645320196,102.06718449490775,102.06718449490775,0,19765,202407,6.780821918,0.8093688531700574,58,54,93.10344827586206,0,0,0,0,4,3,2,1,10
Skyline Boar Stud,226,200,112.99999999999999,105.28739366202167,105.28741561363248,0,19765,202407,6.768115942,0.9160636695592538,80,78,97.5,0,0,0,0,4,3,2,1,6
SPGNC,182,220,82.72727272727273,112.09158622217619,112.09158622217619,0,19765,202407,6.789156627,1.672632622685261,54,51,94.44444444444444,0,0,0,0,4,3,2,1,10
SPGVA,248,292,84.93150684931507,108.29620267419124,108.29620267419124,0,19765,202407,6.872641509,1.9587709183786302,86,77,89.53488372093024,2,0,0,2,4,2,2,0,8
MB 7081,224,200,112.00000000000001,109.40379646830807,109.52608703979372,0.1659519145674787,19772,202408,9.083798883,3.611578615253453,75,68,90.66666666666666,0,0,0,0,3,3,0,1,7
MB 7082,183,200,91.5,105.30159744284826,105.30159744284826,0.008849558,19772,202408,7.018072289,1.5781573127649589,82,76,92.68292683,0,0,0,0,4,3,2,1,10
MB 7092,424,250,169.6,102.77537812830799,102.84515158001697,0.069773452,19772,202408,6.960784314,1.2309799928002882,59,59,100,0,0,0,0,4,3,2,1,10
MB 7093,412,450,91.55555555555556,102.43490791108657,102.72365249361947,0.2887445825328996,19772,202408,7.565340909,1.3466188100692116,60,60,100,0,0,0,0,2,3,2,1,8
MB 7094,490,450,108.88888888888889,104.96358655343265,105.10811030656626,0.14452375313361188,19772,202408,8.590361446,3.519566236,129,127,98.44961240310077,5,0,0,5,3,3,1,0,7
MBW Cimarron,345,399,86.46616541353383,106.51894229953814,106.66074274808176,0.13786154719518606,19772,202408,7.375366569,3.7424249291770884,135,125,92.59259259,0,0,0,0,3,3,2,1,9
MBW Cyclone,248,403,61.53846153846154,104.95372729289353,104.97921830486985,0.094385235,19772,202408,6.93697479,1.6688440905362874,30,25,83.33333333333334,0,0,0,0,4,2,2,1,9
MBW Yuma,151,203,74.38423645320196,101.88032734799093,101.88032734799093,0.011235955056179137,19772,202408,7.047619048,1.0811798054391775,58,54,93.10344827586206,0,0,0,0,4,3,2,1,10
Skyline Boar Stud,249,200,124.50000000000001,105.07463069296523,105.07463069296523,0,19772,202408,7.591743119,2.0236677219631614,80,78,97.5,0,0,0,0,4,3,2,1,10
SPGNC,181,220,82.27272727272728,112.0119985209589,112.0119985209589,0,19772,202408,7.271604938,1.351441335,83,80,96.38554217,0,0,0,0,4,3,2,1,10
SPGVA,248,292,84.93150684931507,106.25376777156148,106.25376777156148,0,19772,202408,6.900943396,1.921344083403132,86,77,89.53488372093024,0,0,0,0,4,2,2,1,9
MB 7081,224,200,112.00000000000001,108.8179003913946,108.93303923714633,0.094725608,19779,202409,8.56043956,3.2406560662033854,75,68,90.66666666666666,0,0,0,0,4,3,1,1,9
MB 7082,187,200,93.5,105.23316032854896,105.23316032854896,0,19779,202409,6.960784314,1.3854618883112044,63,57,90.47619047619048,0,0,0,0,4,3,2,1,10
MB 7092,510,250,204,104.07844847227543,104.23553064242495,0.15708217014952197,19779,202409,7.963888889,1.7964143763551226,59,59,100,0,0,0,0,3,3,2,1,9
MB 7093,409,450,90.88888888888889,101.73120272833482,101.80484546853548,0.07364274,19779,202409,7.0551181100000004,2.324833055514581,60,60,100,0,0,0,0,4,3,2,1,10
MB 7094,486,450,108,104.7720974497875,104.81618211862198,0.044084669,19779,202409,8.279620853,2.6600790887714196,69,67,97.10144927536231,5,0,0,5,4,3,1,0,8
MBW Cimarron,345,399,86.46616541353383,106.41814674292635,106.57073637009641,0.148279186,19779,202409,7.20625,1.1615408369865696,135,125,92.59259259,0,0,0,0,3,3,2,1,9
MBW Cyclone,248,403,61.53846153846154,104.45942216247872,105.74487535798583,1.6725057416424027,19779,202409,7.126506024,1.4695770851011523,30,25,83.33333333333334,0,0,0,0,0,2,2,1,5
MBW Yuma,148,203,72.90640394,101.7943918486331,101.7943918486331,0,19779,202409,6.746575342,1.2529228934946417,58,54,93.10344827586206,0,0,0,0,4,3,2,1,10
Skyline Boar Stud,246,200,123,105.68232684530344,105.68398947789507,0.001662633,19779,202409,7.146551724,0.6932489585460284,24,9,37.5,0,0,0,0,4,0,2,1,7
SPGNC,180,220,81.81818181818183,110.34601356131579,110.68092642752977,0.3349128662139833,19779,202409,7.794117647,2.3930299647335747,83,80,96.38554217,0,0,0,0,1,3,2,1,7
SPGVA,256,292,87.67123287671232,108.94346480987572,108.96003600417696,0.018483182,19779,202409,7.230392157,1.4352555403638332,56,47,83.92857142857143,0,0,0,0,4,2,2,1,9
MB 7081,222,200,111.00000000000001,108.15450162173954,108.27831957506825,0.21080442472124472,19786,202410,8.835164835,3.1771412017367404,75,68,90.66666666666666,0,0,0,0,2,3,1,1,7
MB 7082,187,200,93.5,105.68820715055695,105.68820715055695,0,19786,202410,7.135294118,1.8201505810880088,63,57,90.47619047619048,0,0,0,0,4,3,2,1,10
MB 7092,501,250,200.4,104.90286096924852,104.96509882647095,0.062237857222427806,19786,202410,7.220095694,1.6662478103214649,59,59,100,0,0,0,0,4,3,2,1,10
MB 7093,409,450,90.88888888888889,102.40543218381282,102.48022641780894,0.074794234,19786,202410,7.807692308,2.083209689703839,60,60,100,0,0,0,0,4,3,2,1,10
MB 7094,483,450,107.33333333333333,104.37808519561939,104.55964528255998,0.18156008694059267,19786,202410,7.849382716,2.389028317367895,69,67,97.10144927536231,2,0,0,2,3,3,2,0,8
MBW Cimarron,343,399,85.96491228070175,106.31959131958374,106.56287097993211,0.24780914993368514,19786,202410,7.451298701,1.4620826256740698,135,125,92.59259259,0,0,0,0,2,3,2,1,8
MBW Cyclone,247,403,61.29032258064516,105.16539455793045,105.17639216184556,0.009110441,19786,202410,9.018691589,3.2225185042245705,30,25,83.33333333333334,0,0,0,0,4,2,0,1,7
MBW Yuma,176,203,86.69950738916256,104.91863104316282,105.9394608727169,0.9236079410251149,19786,202410,6.846715328,1.6399897370056615,58,54,93.10344827586206,0,0,0,0,0,3,2,1,6
Skyline Boar Stud,246,200,123,105.13271712531885,105.13271712531885,0.2463768115942029,19786,202410,6.867924528,0.616909769,24,9,37.5,0,0,0,0,2,0,2,1,5
SPGNC,180,220,81.81818181818183,110.81185291317425,110.81185291317425,0,19786,202410,7.138728324,1.6186962170848278,83,80,96.38554217,0,0,0,0,4,3,2,1,10
SPGVA,256,292,87.67123287671232,109.2382969055757,109.74293875115445,0.2844344947807558,19786,202410,6.925764192,2.1354752041781104,56,47,83.92857142857143,0,0,0,0,2,2,2,1,7
MB 7081,221,200,110.5,107.92376663735041,108.09021440711211,0.10421077758993584,19793,202411,8.333333333,3.0495209556702063,60,54,90,0,0,0,0,3,3,1,1,8
MB 7082,187,200,93.5,105.08546623405644,105.08546623405644,0,19793,202411,6.773255814,1.7674062946023246,86,79,91.86046511627907,0,0,0,0,4,3,2,1,10
MB 7092,454,250,181.6,105.2425776530104,105.24913603748432,0.006558384,19793,202411,7.343283582,2.1131501733292644,145,145,100,1,0,0,0,4,3,2,1,10
MB 7093,407,450,90.44444444444444,101.87125030216471,101.93533623344933,0.064085931,19793,202411,7.343243243,2.096201305593551,60,60,100,0,0,0,0,4,3,2,1,10
MB 7094,480,450,106.66666666666667,104.34506151093865,104.4702584490401,0.12519693810145327,19793,202411,8.228643216,2.895403057,69,67,97.10144927536231,0,0,0,0,3,3,1,1,8
MBW Cimarron,340,399,85.21303258145363,106.10325913058828,107.07476092690978,0.94576664939906685,19793,202411,6.910891089,0.7674861711492108,135,125,92.59259259,0,0,0,0,0,3,2,1,6
MBW Cyclone,244,403,60.545905707196034,104.9242081188515,104.9909489386486,0.055683169,19793,202411,7.746543779,4.3764203555944645,30,25,83.33333333333334,0,0,0,0,4,2,2,1,9
MBW Yuma,155,203,76.35467980295566,105.93099740960352,105.93099740960352,0,19793,202411,7.174193548,1.6082110214671756,76,72,94.73684210526315,0,0,0,0,4,3,2,1,10
Skyline Boar Stud,245,200,122.50000000000001,105.17165329358743,105.23809753834546,0.17725145485646887,19793,202411,7.016326531,1.402478330210943,24,9,37.5,0,0,0,0,3,0,2,1,6
SPGNC,184,220,83.63636363636363,110.3492822117953,110.3492822117953,0,19793,202411,7.125,1.7313337506937796,57,55,96.49122807017544,0,0,0,0,4,3,2,1,10
SPGVA,256,292,87.67123287671232,112.10897818348357,112.13623650490105,0.24036369551586867,19793,202411,7.247706422,1.2268573866001466,67,58,86.56716417910447,0,0,0,0,2,2,2,1,7
MB 7081,219,200,109.5,108.0437105591067,108.47300510193885,0.3157202686961755,19800,202412,8.762195122,3.2139702811054147,60,54,90,0,0,0,0,1,3,1,1,6
MB 7082,185,200,92.5,104.18426202133985,104.18426202133985,0,19800,202412,7,1.5867095067540022,86,79,91.86046511627907,0,0,0,0,4,3,2,1,10
MB 7092,452,250,180.8,105.10586151649524,105.11360123953801,0.007739723,19800,202412,7.33492823,1.3616096834586868,86,86,100,1,0,0,1,4,3,2,0,9
MB 7093,486,450,108,103.37382302365172,103.37382302365172,0,19800,202412,7.851265823,1.966391823951778,60,60,100,0,0,0,0,4,3,2,1,10
MB 7094,476,450,105.77777777777777,104.5725999980383,104.59866834459442,0.026068346556115785,19800,202412,8.436868687,3.032073993440884,69,67,97.10144927536231,0,0,0,0,4,3,1,1,9
MBW Cimarron,371,399,92.98245614035088,105.86510308430655,105.92890612255405,0.062030732,19800,202412,10.74598071,4.848988080628597,99,90,90.90909091,0,0,0,0,4,3,0,1,8
MBW Cyclone,244,403,60.545905707196034,104.47621491200977,104.48315774761522,0.005838294,19800,202412,8.710638298,6.409235925318263,30,25,83.33333333333334,0,0,0,0,4,2,1,1,8
MBW Yuma,154,203,75.86206896551724,105.33112658081768,105.33112658081768,0,19800,202412,6.803921569,1.3671850812672104,76,72,94.73684210526315,0,0,0,0,4,3,2,1,10
Skyline Boar Stud,243,200,121.50000000000001,105.78228926106382,105.78228926106382,0.033333333,19800,202412,7.196721311,1.6057476202552736,24,9,37.5,0,0,0,0,4,0,2,1,7
SPGNC,184,220,83.63636363636363,111.63886974715922,111.63886974715922,0,19800,202412,7.248484848,1.5476420325932996,57,55,96.49122807017544,0,0,0,0,4,3,2,1,10
SPGVA,254,292,86.98630136986301,110.73470254488258,111.01743438285976,1.3920976207692184,19800,202412,7.398373984,1.8482858573785867,91,82,90.10989010989012,0,0,0,0,0,3,2,1,6
MB 7081,218,200,109.00000000000001,108.44163677292282,108.69550774974296,0.16640282514261184,19807,202413,8.631578947,3.6588245249020575,85,77,90.58823529411765,0,0,0,0,3,3,1,1,8
MB 7082,184,200,92,104.41131685570434,104.41131685570434,0,19807,202413,7.305882353,1.3805369799252667,51,47,92.15686274509804,0,0,0,0,4,3,2,1,10
MB 7092,450,250,180,105.42598743004368,105.4266024384497,6.150084060294603e-4,19807,202413,7.148780488,1.196903492875046,86,86,100,1,0,0,0,4,3,2,1,10
MB 7093,484,450,107.55555555555556,104.81001596093456,105.0015936894389,0.19157772850434185,19807,202413,7.919512195,3.4522038255159777,60,60,100,0,0,0,0,3,3,2,1,9
MB 7094,472,450,104.8888888888889,103.95514203500754,103.98816132770713,0.033019293,19807,202413,8.228205128,3.155233846515138,69,67,97.10144927536231,0,0,0,0,4,3,1,1,9
MBW Cimarron,367,399,91.97994987468672,105.66042191906176,105.68779326130165,0.076611027,19807,202413,7.107023411,1.995443846302213,99,90,90.90909091,0,0,0,0,4,3,2,1,10
MBW Cyclone,244,403,60.545905707196034,104.65816557408995,104.6781341818058,0.063997477,19807,202413,7.966507177,1.5329169501803304,30,25,83.33333333333334,0,0,0,0,4,2,2,1,9
MBW Yuma,146,203,71.92118226600985,105.14139772290103,105.14139772290103,0,19807,202413,6.965277778,0.7701892823790336,76,72,94.73684210526315,0,0,0,0,4,3,2,1,10
Skyline Boar Stud,240,200,120,104.60776889095843,104.60776889095843,0.18666666666666668,19807,202413,6.985221675,1.1624395332398005,24,9,37.5,0,0,0,0,3,0,2,1,6
SPGNC,184,220,83.63636363636363,111.56494310987088,111.56494310987088,0,19807,202413,7.257309942,1.681523053615906,86,81,94.18604651162791,0,0,0,0,4,3,2,1,10
SPGVA,253,292,86.64383561643835,110.27331623250564,110.27484678842482,0.008685689,19807,202413,6.798353909,0.8457949988121499,91,82,90.10989010989012,0,0,0,0,4,3,2,1,10
MB 7081,218,200,109.00000000000001,108.5792783065249,108.70619508745727,0.087734402,19814,202414,8.803370787,3.447850372249967,85,77,90.58823529411765,0,0,0,0,4,3,1,1,9
MB 7082,176,200,88,105.3988112,105.3988112,0,19814,202414,7.436363636,1.3265162014901908,51,47,92.15686274509804,0,0,0,0,4,3,2,1,10
MB 7092,445,250,178,104.13218323440452,104.13685768080055,0.004674446,19814,202414,6.770833333,1.1783882134293322,86,86,100,0,0,0,0,4,3,2,1,10
MB 7093,484,450,107.55555555555556,105.25585321200673,105.25801319291224,0.002159981,19814,202414,8.19239905,2.8799039653960437,140,140,100,0,0,0,0,4,3,1,1,9
MB 7094,470,450,104.44444444444446,103.6249981049483,103.63779348022025,0.012795375271949183,19814,202414,7.924281984,2.838038265732792,69,67,97.10144927536231,0,0,0,0,4,3,2,1,10
MBW Cimarron,321,399,80.45112781954887,105.91904258993179,105.92062341304208,0.065852841,19814,202414,7.303754266,1.2078026440935372,133,109,81.95488721804512,0,0,3,3,4,2,2,0,8
MBW Cyclone,310,403,76.92307692307693,106.3043648555737,106.50887990245629,0.17490200841995332,19814,202414,6.740740741,1.4008121009615075,30,25,83.33333333333334,0,0,0,0,3,2,2,1,8
MBW Yuma,144,203,70.93596059113301,105.45930480283681,105.45930480283681,0,19814,202414,7.166666667,1.0577717706958902,76,72,94.73684210526315,0,0,0,0,4,3,2,1,10
Skyline Boar Stud,238,200,119,105.0922251,105.0922251,0,19814,202414,8.7375,9.201705886,24,9,37.5,0,0,0,0,4,0,1,1,6
SPGNC,184,220,83.63636363636363,111.9636013049714,111.9636013049714,0,19814,202414,7.264044944,1.345824023806005,86,81,94.18604651162791,0,0,0,0,4,3,2,1,10
SPGVA,260,292,89.04109589041096,110.3415239051023,110.37093400683027,0.013125169366197715,19814,202414,7.047619048,1.1439957872990356,63,57,90.47619047619048,3,0,0,3,4,3,2,0,9
MB 7081,218,200,109.00000000000001,108.5792783065249,108.70619508745727,0.087734402,19814,202414,8.803370787,3.447850372249967,85,77,90.58823529411765,0,0,0,0,4,3,1,1,9
MB 7082,176,200,88,105.3988112,105.3988112,0,19814,202414,7.436363636,1.3265162014901908,51,47,92.15686274509804,0,0,0,0,4,3,2,1,10
MB 7092,445,250,178,104.13218323440452,104.13685768080055,0.004674446,19814,202414,6.770833333,1.1783882134293322,86,86,100,0,0,0,0,4,3,2,1,10
MB 7093,484,450,107.55555555555556,105.25585321200673,105.25801319291224,0.002159981,19814,202414,8.19239905,2.8799039653960437,140,140,100,0,0,0,0,4,3,1,1,9
MB 7094,470,450,104.44444444444446,103.6249981049483,103.63779348022025,0.012795375271949183,19814,202414,7.924281984,2.838038265732792,69,67,97.10144927536231,0,0,0,0,4,3,2,1,10
MBW Cimarron,321,399,80.45112781954887,105.91904258993179,105.92062341304208,0.065852841,19814,202414,7.303754266,1.2078026440935372,133,109,81.95488721804512,0,0,4,4,4,2,2,0,8
MBW Cyclone,310,403,76.92307692307693,106.3043648555737,106.50887990245629,0.17490200841995332,19814,202414,6.740740741,1.4008121009615075,30,25,83.33333333333334,0,0,0,0,3,2,2,1,8
MBW Yuma,144,203,70.93596059113301,105.45930480283681,105.45930480283681,0,19814,202414,7.166666667,1.0577717706958902,76,72,94.73684210526315,0,0,0,0,4,3,2,1,10
Skyline Boar Stud,238,200,119,105.0922251,105.0922251,0,19814,202414,8.7375,9.201705886,24,9,37.5,0,0,0,0,4,0,1,1,6
SPGNC,184,220,83.63636363636363,111.9636013049714,111.9636013049714,0,19814,202414,7.264044944,1.345824023806005,86,81,94.18604651162791,0,0,0,0,4,3,2,1,10
SPGVA,260,292,89.04109589041096,110.3415239051023,110.37093400683027,0.013125169366197715,19814,202414,7.047619048,1.1439957872990356,63,57,90.47619047619048,3,0,0,3,4,3,2,0,9
MB 7081,218,200,109.00000000000001,108.5749069653986,108.68046415376419,0.069420493,19821,202415,8.586826347,3.347801848474762,85,77,90.58823529411765,0,0,0,0,4,3,1,1,9
MB 7082,176,200,88,104.5365865231854,104.5365865231854,0,19821,202415,6.672839506,1.1191736465358608,51,47,92.15686274509804,0,0,0,0,4,3,2,1,10
MB 7092,441,250,176.4,104.70286123980308,104.70486407702612,0.002002837,19821,202415,7.373096447,1.9103007385733686,86,86,100,0,0,0,0,4,3,2,1,10
MB 7093,482,450,107.11111111111111,104.80615518183629,104.85458942691348,0.048434245077189075,19821,202415,7.629707113,1.8482572441795238,80,80,100,0,0,0,0,4,3,2,1,10
MB 7094,468,450,104,104.05370917906555,104.10560977220096,0.051900593,19821,202415,8.506459948,2.8588259167176253,69,67,97.10144927536231,0,0,0,0,4,3,1,1,9
MBW Cimarron,321,399,80.45112781954887,105.82768001372072,105.82811361909549,0.025111581,19821,202415,6.675324675,1.2549997307609242,133,109,81.95488721804512,0,0,0,0,4,2,2,1,9
MBW Cyclone,277,403,68.73449131513648,106.4375708301095,106.4375708301095,0,19821,202415,7.160583942,1.3626819958690748,68,67,98.52941176470588,0,0,0,0,4,3,2,1,10
MBW Yuma,141,203,69.45812807881774,105.3149403731601,105.3149403731601,0,19821,202415,7.156028369,1.2263982570534535,76,72,94.73684210526315,0,0,0,0,4,3,2,1,10
Skyline Boar Stud,237,200,118.5,104.03997580081813,104.03997580081813,0,19821,202415,6.924369748,1.5270260878047315,24,9,37.5,0,0,0,0,4,0,2,1,7
SPGNC,184,220,83.63636363636363,113.19069934411402,113.19069934411402,0,19821,202415,7.357575758,1.4183102070108502,86,81,94.18604651162791,0,0,0,0,4,3,2,1,10
SPGVA,260,292,89.04109589041096,110.47078463387383,110.57158451675544,0.10355549978488436,19821,202415,6.782786885,1.5308725623420854,63,57,90.47619047619048,3,0,0,3,3,3,2,0,8
MB 7081,213,200,106.5,108.31518782577197,108.31518782577197,0,19828,202416,8.583333333,3.1744104524194894,53,48,90.56603773584906,0,0,0,0,4,3,1,1,9
MB 7082,176,200,88,108.70313207075928,110.67136099572767,1.6289969243965465,19828,202416,7.151515152,0.9804618102227955,73,68,93.15068493150685,0,0,0,0,0,3,2,1,6
MB 7092,407,250,162.79999999999998,104.54546945290812,104.58930127782266,0.043831825,19828,202416,7.350649351,1.1452600887989028,86,86,100,1,0,0,0,4,3,2,1,10
MB 7093,480,450,106.66666666666667,105.64916055479407,105.69361831053007,0.044457755736004856,19828,202416,7.731308411,1.1121012742723655,80,80,100,0,0,0,0,4,3,2,1,10
MB 7094,467,450,103.77777777777777,103.78100453020497,103.79672451522504,0.015719985,19828,202416,8.177419355,2.556261970733948,69,67,97.10144927536231,0,0,0,0,4,3,1,1,9
MBW Cimarron,321,399,80.45112781954887,105.74072818041095,105.74072818041095,0.012422360248447381,19828,202416,7.390322581,1.5451887618813605,133,109,81.95488721804512,0,0,0,0,4,2,2,1,9
MBW Cyclone,276,403,68.48635236,105.2850540217847,107.48655579818215,2.083795135824323,19828,202416,6.572864322,0.9284870590762903,68,67,98.52941176470588,0,0,0,0,0,3,2,1,6
MBW Yuma,141,203,69.45812807881774,104.40878862879023,104.40878862879023,0,19828,202416,6.723404255,1.2136508263365857,76,72,94.73684210526315,0,0,0,0,4,3,2,1,10
Skyline Boar Stud,237,200,118.5,104.8817061017713,104.88663170416945,0.004167817,19828,202416,7.274261603,0.7843084932790296,24,9,37.5,0,0,0,0,4,0,2,1,7
SPGNC,184,220,83.63636363636363,113.61307934252054,113.61307934252054,0,19828,202416,7.364864865,1.4575566576245658,58,55,94.82758620689656,0,0,0,0,4,3,2,1,10
SPGVA,260,292,89.04109589041096,109.89725178065706,109.89725178065706,0,19828,202416,7.120171674,1.2605335370339308,92,86,93.47826086956522,3,0,0,3,4,3,2,0,9
MB 7081,213,200,106.5,108.23972360593703,108.2430207178511,0.210862795107354,19835,202417,8.13872832369942,3.006456734158588,53,48,90.56603773584906,0,0,0,0,2,3,1,1,7
MB 7082,175,200,87.5,105.20858235031396,105.20858235031396,0.03448275862069431,19835,202417,6.62345679012346,0.9781172947150503,73,68,93.15068493150685,0,0,0,0,4,3,2,1,10
MB 7092,401,250,160.4,104.04919051934841,104.0586447903491,0.00945427100069196,19835,202417,7.19072164948454,1.2938800470165526,86,86,100,0,0,0,0,4,3,2,1,10
MB 7093,479,450,106.44444444444446,104.43966812904718,104.43966812904718,0,19835,202417,7.18559556786704,1.891916354265129,80,80,100,0,0,0,0,4,3,2,1,10
MB 7094,465,450,103.33333333333334,103.47980396193776,104.36619766581377,0.8863937038760099,19835,202417,8.29350649350649,3.379562412438495,69,67,97.10144927536231,0,0,0,0,0,3,1,1,5
MBW Cimarron,318,399,79.69924812030075,105.25840011943383,105.30725507086723,0.04706757516144464,19835,202417,6.69811320754717,1.2580785261837184,133,109,81.95488721804512,0,0,0,0,4,2,2,1,9
MBW Cyclone,275,403,68.23821339950372,106.63623102416926,106.63679303097096,4.625127746055514e-4,19835,202417,9.4375,4.502126393874417,68,67,98.52941176470588,0,0,0,0,4,3,0,1,8
MBW Yuma,166,203,81.77339901477832,105.60480805572634,105.80029185014378,0.19548379441744146,19835,202417,7.01652892561984,1.2779115193313149,76,72,94.73684210526315,1,0,0,1,3,3,2,0,8
Skyline Boar Stud,235,200,117.5,104.5070800510352,104.5070800510352,0,19835,202417,6.92735042735043,0.8383638194966541,24,9,37.5,0,0,0,0,4,0,2,1,7
SPGNC,184,220,83.63636363636363,114.61265232658872,114.61265232658872,0,19835,202417,6.82269503546099,1.7083144907157648,58,55,94.82758620689656,0,0,0,0,4,3,2,1,10
SPGVA,260,292,89.04109589041096,111.44442248294031,111.44442248294031,0.007751937984508242,19835,202417,7.496,2.752505977582339,92,86,93.47826086956522,3,0,0,3,4,3,2,0,9
