Boar Stud,BoarID,Breed.x,Boar Status,Collnum,Col_Date,Collected,Collection Status,Distributed,Index,Target,SelDate,UnSelDate
SPGVA,1014G,SPG240,WORKING,20001174779,2021-02-22,YES,US,NO,99.88421416727844,CTH,2021-01-25,NA
MB 7092,1044J,SPG240,WORKING,20001336862,2021-02-26,YES,US,YES,100.47266474889858,NA,NA,NA
MB 7092,106H9,SPG240,WORKING,20001336690,2021-02-24,YES,US,YES,105.07116667959663,NA,NA,NA
MB 7092,1083G,SPG240,WORKING,20001336712,2021-02-24,YES,US,NO,93.2757673799729,NA,NA,NA
MB 7092,1094G,SPG240,WORKING,20001336843,2021-02-26,YES,TR,NO,105.29118461966888,NA,NA,NA
SPGNC,1095H,SPG240,WORKING,20001148735,2021-02-28,YES,US,NO,97.94572499188835,CTH,2021-02-15,NA
SPGVA,1103E,SPG120,WORKING,20001174897,2021-02-28,YES,US,YES,111.5264910560686,CTH,2021-02-22,NA
MB 7092,1108J,SPG240,WORKING,20001336697,2021-02-24,YES,US,YES,101.19964685894853,NA,NA,NA
MB 7092,1109C,SPG240,WORKING,20001336879,2021-02-28,YES,US,YES,110.42516449726737,NA,NA,NA
MB 7092,1109J,SPG240,WORKING,NA,NA,NO,NA,NO,90.06214173165621,NA,NA,NA
MB 7092,1110J,SPG240,WORKING,20001336851,2021-02-26,YES,US,YES,100.49113075101405,NA,NA,NA
MB 7092,1116C,SPG240,WORKING,20001336609,2021-02-22,YES,US,YES,104.00068155793618,NA,NA,NA
MB 7092,1117C,SPG240,WORKING,20001336912,2021-02-28,YES,US,YES,98.67513161686082,NA,NA,NA
MB 7092,1130C,SPG240,WORKING,20001336791,2021-02-25,YES,US,YES,97.83679211671041,NA,NA,NA
SPGVA,1137G,SPG240,WORKING,20001174777,2021-02-22,YES,US,NO,98.06097527825527,CTH,2021-01-25,NA
MB 7092,1145C,SPG240,WORKING,20001336623,2021-02-23,YES,US,YES,113.78197584499497,NA,NA,NA
MB 7092,1148H,SPG240,WORKING,20001336800,2021-02-26,YES,TR,NO,87.74499935779515,NA,NA,NA
SPGVA,1168G,SPG240,WORKING,20001174888,2021-02-25,YES,US,YES,107.9573756193941,NA,NA,NA
SPGVA,1207J,SPG240,WORKING,20001174909,2021-02-28,YES,TR,NO,123.88230141997704,Nuc/CTH,2020-11-23,NA
MB 7092,1212H,SPG240,WORKING,20001336625,2021-02-23,YES,US,YES,107.03607923410787,NA,NA,NA
SPGVA,1224J,SPG110,WORKING,20001174809,2021-02-23,YES,US,NO,117.7000013120413,NA,NA,NA
SPGNC,1261G,SPG240,WORKING,20001148729,2021-02-28,YES,US,YES,131.11962455358287,Nucleus,2021-02-22,NA
SPGVA,1262H,SPG240,WORKING,20001174821,2021-02-23,YES,US,NO,88.51010701715714,CTH-Semen Test,2021-01-25,NA
SPGVA,1266C,SPG240,WORKING,20001174934,2021-02-28,YES,US,YES,103.945556312903,NA,NA,NA
SPGVA,1272G,SPG240,WORKING,20001174933,2021-02-28,YES,US,YES,104.59040457320026,NA,NA,NA
MB 7092,1294C,SPG240,WORKING,20001336612,2021-02-22,YES,US,NO,91.58299952231711,NA,NA,NA
MB 7092,1295C,SPG240,WORKING,20001336760,2021-02-25,YES,US,YES,105.64050652513696,NA,NA,NA
SPGVA,1305H,SPG240,WORKING,20001174939,2021-02-28,YES,US,YES,124.37971409846672,Nuc/CTH,2021-02-01,NA
SPGVA,1305H,SPG240,WORKING,20001174916,2021-02-28,YES,US,YES,124.37971409846672,Nuc/CTH,2021-02-01,NA
SPGNC,1311J,SPG110,WORKING,20001148590,2021-02-23,YES,US,YES,119.91860865578766,NA,NA,NA
MB 7092,1323C,SPG240,WORKING,20001336863,2021-02-26,YES,US,YES,105.0386225438908,NA,NA,NA
SPGNC,1354H,SPG240,WORKING,20001148678,2021-02-25,YES,US,YES,120.72290151034838,West Trial,2021-01-25,NA
SPGNC,1357H,SPG240,WORKING,20001148736,2021-02-28,YES,US,NO,111.12468505778946,CTH,2021-02-15,NA
SPGVA,1389G,SPG240,WORKING,20001174801,2021-02-23,YES,US,YES,115.26234638421198,NA,NA,NA
SPGNC,1391H,SPG240,WORKING,20001148733,2021-02-28,YES,US,NO,95.57252837703156,CTH,2021-02-22,NA
MB 7092,1402J,SPG240,NONWORKING,20001336922,2021-02-28,YES,TR,NO,94.6775196654151,NA,NA,NA
MB 7092,1414H,SPG240,WORKING,20001336944,2021-02-28,YES,TR,NO,91.09608574499785,NA,NA,NA
MB 7092,1420H,SPG240,WORKING,20001336914,2021-02-28,YES,TR,NO,99.33434423419051,NA,NA,NA
SPGNC,1489J,SPG110,WORKING,20001148714,2021-02-25,YES,US,NO,109.76800715301074,NA,NA,NA
SPGVA,1490J,SPG110,WORKING,20001174822,2021-02-23,YES,US,NO,117.88211871433798,NA,NA,NA
MB 7092,1507H,SPG240,WORKING,20001336785,2021-02-25,YES,TR,NO,85.44104105864123,NA,NA,NA
SPGNC,1512J,SPG110,WORKING,20001148633,2021-02-24,YES,US,NO,103.28721329480759,NA,NA,NA
MB 7092,156K4,SPG240,WORKING,20001336762,2021-02-25,YES,US,YES,108.98739187265201,NA,NA,NA
MB 7092,1617J,SPG240,WORKING,20001336578,2021-02-22,YES,US,YES,100.61736711818344,NA,NA,NA
SPGNC,161K9,SPG120,WORKING,20001148715,2021-02-25,YES,US,NO,94.92003174205786,NA,NA,NA
MB 7092,1628G,SPG240,NONWORKING,20001336656,2021-02-23,YES,TR,NO,90.34950235167284,NA,NA,NA
SPGNC,1658G,SPG240,WORKING,20001148690,2021-02-25,YES,US,YES,113.91819020648396,NA,NA,NA
SPGVA,1669J,SPG240,WORKING,20001174878,2021-02-25,YES,US,YES,104.32796934440766,CTH,2021-01-25,NA
SPGVA,1669J,SPG240,WORKING,20001174893,2021-02-25,YES,US,YES,104.32796934440766,CTH,2021-01-25,NA
MB 7092,1672J,SPG240,WORKING,20001336905,2021-02-28,YES,US,YES,99.61563295916908,NA,NA,NA
MB 7092,1683J,SPG240,WORKING,20001336711,2021-02-24,YES,TR,NO,75.86019843524262,NA,NA,NA
MB 7092,170J8,SPG240,WORKING,20001336640,2021-02-23,YES,US,YES,106.65460057616639,NA,NA,NA
SPGNC,1767G,SPG240,WORKING,20001148708,2021-02-25,YES,US,NO,96.37706192011112,NA,NA,NA
SPGNC,1797J,SPG240,WORKING,20001148734,2021-02-28,YES,US,NO,115.17201054833784,CTH,2021-01-04,NA
MB 7092,180K4,SPG240,WORKING,20001336630,2021-02-23,YES,US,YES,116.30468740087706,NA,NA,NA
MB 7092,181K4,SPG240,WORKING,20001336643,2021-02-23,YES,US,YES,109.9325053980095,NA,NA,NA
MB 7092,182C1,SPG240,WORKING,20001336899,2021-02-28,YES,US,YES,104.95858617617172,NA,NA,NA
MB 7092,1850J,SPG240,WORKING,20001336894,2021-02-28,YES,US,YES,102.34466385070272,NA,NA,NA
MB 7092,1851J,SPG240,WORKING,20001336887,2021-02-28,YES,US,YES,102.27790179163604,NA,NA,NA
MB 7092,1852J,SPG240,WORKING,20001336673,2021-02-24,YES,US,YES,111.86365413793881,NA,NA,NA
MB 7092,1853J,SPG240,NONWORKING,20001336659,2021-02-23,YES,TR,NO,107.63729401195776,NA,NA,NA
SPGVA,1854E,SPG110,WORKING,20001174811,2021-02-23,YES,US,NO,121.38900017820568,NA,NA,NA
MB 7092,1872J,SPG240,NONWORKING,20001336652,2021-02-23,YES,TR,NO,99.096937131078,NA,NA,NA
SPGVA,1944B,SPG240,WORKING,20001174776,2021-02-22,YES,US,NO,100.46142192656347,NA,NA,NA
SPGNC,1961J,SPG240,WORKING,20001148608,2021-02-23,YES,US,NO,100.72555615941242,NA,NA,NA
MB 7092,1979H,SPG240,WORKING,20001336932,2021-02-28,YES,US,YES,97.99624423382677,NA,NA,NA
SPGNC,1G102,SPG240,WORKING,20001148710,2021-02-25,YES,US,NO,94.52029302760461,NA,NA,NA
SPGVA,2004027,SPG240,WORKING,20001174828,2021-02-23,YES,TR,NO,120.6037815076982,CTH-Semen Test,2021-01-25,NA
MB 7092,2004483,SPG240,WORKING,20001336908,2021-02-28,YES,US,YES,99.2498875008554,NA,NA,NA
SPGNC,2004505,SPG240,WORKING,20001148680,2021-02-25,YES,US,YES,103.4071182229829,CTH,2021-02-15,NA
MB 7092,2004647,SPG240,WORKING,20001336781,2021-02-25,YES,US,YES,99.46308869614549,NA,NA,NA
MB 7092,2004652,SPG240,WORKING,20001336920,2021-02-28,YES,US,YES,107.13151286223145,NA,NA,NA
MB 7092,2004668,SPG240,WORKING,20001336841,2021-02-26,YES,US,YES,117.6772317480827,NA,NA,NA
MB 7092,2004670,SPG240,WORKING,20001336902,2021-02-28,YES,US,YES,100.90137681779645,NA,NA,NA
SPGNC,2004676,SPG240,WORKING,20001148675,2021-02-25,YES,TR,NO,98.33973758528217,CTH,2021-02-15,NA
MB 7092,2004735,SPG240,WORKING,20001336600,2021-02-22,YES,US,YES,121.43045556181524,NA,NA,NA
MB 7092,2004741,SPG240,WORKING,20001336624,2021-02-23,YES,US,YES,106.35638450050571,NA,NA,NA
MB 7092,2004769,SPG240,WORKING,20001336861,2021-02-26,YES,TR,NO,106.68483448428336,NA,NA,NA
MB 7092,2004771,SPG240,WORKING,20001336604,2021-02-22,YES,TR,NO,115.98785050220319,NA,NA,NA
MB 7092,2004779,SPG240,WORKING,20001336845,2021-02-26,YES,US,YES,109.96965068362869,NA,NA,NA
MB 7092,2004780,SPG240,WORKING,20001336855,2021-02-26,YES,US,YES,107.65616732721502,NA,NA,NA
MB 7092,2004782,SPG240,WORKING,20001336850,2021-02-26,YES,US,YES,108.65342914458331,NA,NA,NA
MB 7092,2004787,SPG240,WORKING,20001336907,2021-02-28,YES,US,YES,100.32158906766753,NA,NA,NA
MB 7092,2004801,SPG240,WORKING,20001336601,2021-02-22,YES,US,YES,100.37766594994417,NA,NA,NA
MB 7092,2054G,SPG240,WORKING,20001336900,2021-02-28,YES,US,YES,99.5792629153814,NA,NA,NA
MB 7092,2069G,SPG240,WORKING,20001336903,2021-02-28,YES,US,YES,101.75371076261581,NA,NA,NA
SPGNC,2100C,SPG240,WORKING,20001148748,2021-02-28,YES,TR,NO,106.84854189497871,NA,NA,NA
MB 7092,2113H,SPG240,WORKING,20001336649,2021-02-23,YES,TR,NO,94.27479670903189,NA,NA,NA
SPGNC,2136G,SPG240,WORKING,20001148571,2021-02-22,YES,US,NO,99.45712063262185,NA,NA,NA
MB 7092,2148G,SPG240,WORKING,20001336698,2021-02-24,YES,US,YES,101.54001497117119,NA,NA,NA
MB 7092,2157J,SPG240,WORKING,20001336606,2021-02-22,YES,US,YES,104.9875010358287,NA,NA,NA
MB 7092,2169J,SPG240,WORKING,20001336848,2021-02-26,YES,TR,NO,109.11474190637826,NA,NA,NA
SPGNC,2176J,SPG240,WORKING,20001148689,2021-02-25,YES,US,YES,111.7034586784686,West Trial,2021-01-25,NA
MB 7092,2177J,SPG240,WORKING,20001336639,2021-02-23,YES,US,YES,107.80882773214238,NA,NA,NA
MB 7092,2178J,SPG240,WORKING,20001336679,2021-02-24,YES,US,YES,114.42476022623849,NA,NA,NA
MB 7092,2202C,SPG240,WORKING,20001336780,2021-02-25,YES,US,YES,98.40618447435882,NA,NA,NA
SPGTX,2203N,SPG240,WORKING,20001112265,2021-02-22,YES,US,NO,113.89396569560641,Nucleus,2021-01-25,NA
MB 7092,2204C,SPG240,WORKING,20001336628,2021-02-23,YES,US,YES,115.53133797546666,NA,NA,NA
SPGNC,2209C,SPG240,WORKING,20001148746,2021-02-28,YES,US,YES,105.44776352191478,NA,NA,NA
MB 7092,2237C,SPG240,WORKING,20001336885,2021-02-28,YES,US,YES,105.49592583921763,NA,NA,NA
MB 7092,2252C,SPG240,WORKING,20001336595,2021-02-22,YES,US,YES,113.41560208443289,NA,NA,NA
MB 7092,2254C,SPG240,WORKING,20001336774,2021-02-25,YES,US,YES,106.06760059735753,NA,NA,NA
MB 7092,2254C,SPG240,WORKING,20001336763,2021-02-25,YES,US,YES,106.06760059735753,NA,NA,NA
MB 7092,2263C,SPG240,WORKING,20001336889,2021-02-28,YES,US,YES,103.56174087470431,NA,NA,NA
SPGNC,2269G,SPG240,WORKING,20001148766,2021-02-28,YES,TR,NO,122.568584150393,Nucleus,2021-01-25,2021-03-01
SPGVA,2304F,SPG120,WORKING,20001174853,2021-02-25,YES,US,YES,118.36748333525338,CTH,2021-02-22,NA
MB 7092,2305C,SPG240,WORKING,20001336759,2021-02-25,YES,US,YES,111.58911370586927,NA,NA,NA
MB 7092,2306G,SPG240,NONWORKING,20001336660,2021-02-23,YES,TR,NO,104.3305019082077,NA,NA,NA
MB 7092,2314G,SPG240,WORKING,20001336626,2021-02-23,YES,US,YES,98.56022810792722,NA,NA,NA
SPGNC,2328G,SPG240,WORKING,20001148745,2021-02-28,YES,US,YES,106.50187067551082,NA,NA,NA
MB 7092,2336J,SPG240,WORKING,20001336852,2021-02-26,YES,TR,NO,104.3556654958684,NA,NA,NA
MB 7092,2337C,SPG240,WORKING,20001336892,2021-02-28,YES,US,YES,102.64936680624709,NA,NA,NA
MB 7092,2337G,SPG240,WORKING,20001336597,2021-02-22,YES,US,YES,100.14314865869551,NA,NA,NA
SPGNC,2339G,SPG240,WORKING,20001148730,2021-02-28,YES,US,YES,120.96598918698014,Nuc/CTH,2021-02-15,NA
SPGNC,2341C,SPG240,WORKING,20001148743,2021-02-28,YES,US,YES,107.10504666774504,NA,NA,NA
MB 7092,2343C,SPG240,WORKING,20001336786,2021-02-25,YES,US,YES,104.90080100713075,NA,NA,NA
SPGNC,2344F,SPG120,WORKING,20001148621,2021-02-23,YES,US,NO,95.67353744168996,NA,NA,NA
MB 7092,234G4,SPG240,WORKING,20001336853,2021-02-26,YES,US,YES,102.63071672084588,NA,NA,NA
MB 7092,2350C,SPG240,WORKING,20001336629,2021-02-23,YES,US,YES,113.11672907491243,NA,NA,NA
MB 7092,2354J,SPG240,WORKING,20001336700,2021-02-24,YES,US,YES,113.78142104584397,NA,NA,NA
MB 7092,2358C,SPG240,WORKING,20001336607,2021-02-22,YES,US,YES,103.5484297975352,NA,NA,NA
MB 7092,2358H,SPG240,WORKING,20001336835,2021-02-26,YES,US,YES,114.48012655255617,NA,NA,NA
SPGVA,2370G,SPG240,WORKING,20001174839,2021-02-23,YES,US,NO,96.59406328703655,CTH,2021-02-22,NA
MB 7092,2371G,SPG240,WORKING,20001336838,2021-02-26,YES,US,YES,110.01230734617585,NA,NA,NA
MB 7092,2403H,SPG240,WORKING,20001336648,2021-02-23,YES,US,YES,104.6250191264419,NA,NA,NA
SPGNC,2417G,SPG240,WORKING,20001148691,2021-02-25,YES,US,YES,112.74146091473632,NA,NA,NA
MB 7092,2426G,SPG240,WORKING,20001336869,2021-02-26,YES,TR,NO,105.24252900816644,NA,NA,NA
SPGVA,2435E,SPG120,WORKING,20001174904,2021-02-28,YES,US,YES,105.10080555229234,CTH,2020-12-28,NA
MB 7092,2449J,SPG240,WORKING,20001336936,2021-02-28,YES,US,YES,95.27561540578175,NA,NA,NA
SPGNC,2450C,SPG240,WORKING,20001148570,2021-02-22,YES,US,NO,96.59245137808564,NA,NA,NA
MB 7092,2454H,SPG240,WORKING,20001336926,2021-02-28,YES,US,YES,98.44111996362699,NA,NA,NA
MB 7092,2456H,SPG240,WORKING,20001336878,2021-02-28,YES,US,YES,109.70859990165334,NA,NA,NA
MB 7092,2474C,SPG240,WORKING,20001336599,2021-02-22,YES,US,YES,117.6296932403903,NA,NA,NA
MB 7092,2482C,SPG240,WORKING,20001336772,2021-02-25,YES,US,YES,97.66157700375513,NA,NA,NA
MB 7092,2494C,SPG240,WORKING,20001336919,2021-02-28,YES,US,YES,90.2477785022778,NA,NA,NA
MB 7092,2495C,SPG240,WORKING,20001336705,2021-02-24,YES,US,NO,97.08321381749205,NA,NA,NA
SPGVA,2502F,SPG240,WORKING,20001174770,2021-02-22,YES,US,NO,101.85534762118542,NA,NA,NA
MB 7092,2522A,SPG240,WORKING,20001336857,2021-02-26,YES,US,YES,104.14493233226803,NA,NA,NA
SPGNC,2596R,SPG120,WORKING,20001148622,2021-02-23,YES,US,NO,100.11521298709823,NA,NA,NA
SPGVA,2605F,SPG240,WORKING,20001174773,2021-02-22,YES,US,NO,100.94542307862106,CTH,2021-02-22,NA
MB 7092,2606F,SPG240,WORKING,20001336779,2021-02-25,YES,US,YES,107.55222486796238,NA,NA,NA
MB 7092,2607F,SPG240,WORKING,20001336708,2021-02-24,YES,US,NO,92.15258202466343,NA,NA,NA
SPGVA,2610H,SPG120,WORKING,20001174789,2021-02-23,YES,US,YES,117.48745884489428,CTH,2021-02-22,NA
SPGVA,2789F,SPG240,WORKING,20001174889,2021-02-25,YES,US,YES,108.11290359454242,NA,NA,NA
SPGNC,2821G,SPG120,WORKING,20001148623,2021-02-23,YES,US,NO,102.52446163377529,NA,NA,NA
SPGTX,2838V,SPG110,WORKING,20001112252,2021-02-22,YES,TR,NO,106.33905792378808,Nucleus,2021-02-15,NA
SPGNC,2846F,SPG240,WORKING,20001148568,2021-02-22,YES,US,NO,98.88029400966194,NA,NA,NA
SPGNC,2918F,SPG240,WORKING,20001148602,2021-02-23,YES,US,YES,103.58823520019405,NA,NA,NA
SPGNC,2934F,SPG240,WORKING,20001148599,2021-02-23,YES,US,YES,104.15579208216069,NA,NA,NA
MB 7092,2937F,SPG240,WORKING,20001336738,2021-02-25,YES,US,YES,109.89971345871282,NA,NA,NA
SPGNC,293H7,SPG240,WORKING,20001148768,2021-02-28,YES,TR,NO,108.57467908415296,CTH,2020-08-24,NA
MB 7092,2968F,SPG240,WORKING,20001336767,2021-02-25,YES,US,YES,102.96866466575854,NA,NA,NA
MB 7092,2986F,SPG240,WORKING,20001336633,2021-02-23,YES,US,YES,111.11562963743475,NA,NA,NA
MB 7092,3032F,SPG240,WORKING,20001336839,2021-02-26,YES,US,YES,104.63526946262539,NA,NA,NA
SPGVA,3049F,SPG240,WORKING,20001174887,2021-02-25,YES,US,YES,108.46833509885633,NA,NA,NA
SPGVA,3084G,SPG120,WORKING,20001174814,2021-02-23,YES,US,NO,103.54112903704497,NA,NA,NA
SPGVA,3113F,SPG240,WORKING,20001174932,2021-02-28,YES,TR,NO,105.06486944242675,NA,NA,NA
SPGNC,3158D,SPG240,WORKING,20001148685,2021-02-25,YES,US,YES,114.43147048533856,West Trial,2021-01-25,NA
MB 7092,3207A,SPG240,WORKING,20001336603,2021-02-22,YES,US,YES,109.65432930842154,NA,NA,NA
MB 7092,3247F,SPG240,WORKING,20001336872,2021-02-28,YES,US,YES,102.51781379814135,NA,NA,NA
SPGVA,3373F,SPG240,WORKING,20001174926,2021-02-28,YES,TR,NO,104.94450548293912,NA,NA,NA
MB 7092,3395F,SPG240,WORKING,20001336888,2021-02-28,YES,US,YES,100.8933790301916,NA,NA,NA
SPGNC,3395G,SPG110,WORKING,20001148637,2021-02-24,YES,US,NO,108.74804145043171,NA,NA,NA
MB 7092,3412F,SPG240,WORKING,20001336717,2021-02-25,YES,TR,NO,94.41491040950287,NA,NA,NA
SPGVA,3430F,SPG240,WORKING,20001174925,2021-02-28,YES,US,YES,105.78556901933331,NA,NA,NA
SPGVA,3600F,SPG240,WORKING,20001174930,2021-02-28,YES,US,YES,104.82668825325693,NA,NA,NA
SPGVA,3628F,SPG240,WORKING,20001174807,2021-02-23,YES,US,YES,110.3362550977161,NA,NA,NA
SPGNC,3629F,SPG240,WORKING,20001148684,2021-02-25,YES,US,YES,116.25423588376711,West Trial,2021-01-25,NA
SPGVA,3635C,SPG120,WORKING,20001174903,2021-02-28,YES,US,YES,105.15788702132888,CTH,2020-12-28,NA
MB 7092,369G4,SPG240,WORKING,20001336837,2021-02-26,YES,US,YES,101.25721796596726,NA,NA,NA
MB 7092,3779F,SPG240,WORKING,20001336591,2021-02-22,YES,US,YES,106.49485961309834,NA,NA,NA
SPGNC,3795F,SPG240,WORKING,20001148604,2021-02-23,YES,US,NO,101.32715841413145,NA,NA,NA
MB 7092,379J6,SPG240,WORKING,20001336866,2021-02-26,YES,US,YES,103.74368662803869,NA,NA,NA
SPGVA,3808F,SPG240,WORKING,20001174884,2021-02-25,YES,US,YES,109.93388614480244,NA,NA,NA
MB 7092,3848F,SPG240,WORKING,20001336645,2021-02-23,YES,US,YES,98.7431884690772,NA,NA,NA
SPGVA,3934E,SPG240,WORKING,20001174774,2021-02-22,YES,US,NO,100.61422559294992,NA,NA,NA
SPGNC,3967C,SPG120,WORKING,20001148620,2021-02-23,YES,US,NO,98.66609827365215,NA,NA,NA
MB 7092,3969F,SPG240,WORKING,20001336635,2021-02-23,YES,TR,NO,118.00610838188717,NA,NA,NA
MB 7092,3983F,SPG240,WORKING,20001336847,2021-02-26,YES,US,YES,109.06056659026801,NA,NA,NA
MB 7092,4011B,SPG240,WORKING,20001336707,2021-02-24,YES,US,NO,91.29675479720838,NA,NA,NA
SPGNC,4029G,SPG240,WORKING,20001148567,2021-02-22,YES,US,NO,99.68600088396096,NA,NA,NA
MB 7092,4043B,SPG240,WORKING,20001336627,2021-02-23,YES,US,YES,112.7183655867521,NA,NA,NA
MB 7092,4069B,SPG240,WORKING,20001336945,2021-02-28,YES,TR,NO,104.07997231319119,NA,NA,NA
MB 7092,4069B,SPG240,WORKING,20001336864,2021-02-26,YES,US,YES,104.07997231319119,NA,NA,NA
MB 7092,4075B,SPG240,WORKING,20001336602,2021-02-22,YES,US,YES,110.18529790054373,NA,NA,NA
MB 7092,4090B,SPG240,WORKING,20001336890,2021-02-28,YES,US,YES,103.63293933205647,NA,NA,NA
MB 7092,4112B,SPG240,WORKING,20001336769,2021-02-25,YES,US,YES,107.88277065064158,NA,NA,NA
MB 7092,4114B,SPG240,WORKING,20001336906,2021-02-28,YES,US,YES,101.94091082597367,NA,NA,NA
SPGNC,4116F,SPG240,WORKING,20001148597,2021-02-23,YES,US,YES,109.36800665866909,NA,NA,NA
MB 7092,4176B,SPG240,WORKING,20001336631,2021-02-23,YES,US,YES,110.28932022128762,NA,NA,NA
MB 7092,417H9,SPG240,WORKING,20001336840,2021-02-26,YES,US,YES,104.5485906217238,NA,NA,NA
MB 7092,4192B,SPG240,WORKING,20001336637,2021-02-23,YES,US,YES,102.06584313328354,NA,NA,NA
MB 7092,4197B,SPG240,WORKING,20001336699,2021-02-24,YES,US,YES,101.42544613812889,NA,NA,NA
MB 7092,4202B,SPG240,WORKING,20001336896,2021-02-28,YES,US,YES,101.90263976271802,NA,NA,NA
SPGNC,4205B,SPG240,WORKING,20001148767,2021-02-28,YES,TR,NO,103.3327897224759,NA,NA,NA
MB 7092,4212B,SPG240,WORKING,20001336703,2021-02-24,YES,TR,NO,97.58449595529292,NA,NA,NA
MB 7092,4251B,SPG240,WORKING,20001336651,2021-02-23,YES,US,NO,94.94780255916778,NA,NA,NA
MB 7092,4261G,SPG240,WORKING,20001336917,2021-02-28,YES,US,YES,100.8861435957979,NA,NA,NA
MB 7092,4270G,SPG240,WORKING,20001336938,2021-02-28,YES,US,YES,97.44208009544928,NA,NA,NA
MB 7092,4282F,SPG240,WORKING,20001336790,2021-02-25,YES,US,YES,95.79208924222411,NA,NA,NA
MB 7092,4283F,SPG240,WORKING,20001336768,2021-02-25,YES,US,YES,105.98899338602641,NA,NA,NA
SPGVA,4308G,SPG240,WORKING,20001174936,2021-02-28,YES,TR,NO,103.27078009403893,NA,NA,NA
MB 7092,4335F,SPG240,WORKING,20001336775,2021-02-25,YES,US,YES,97.30761516815821,NA,NA,NA
MB 7092,4385F,SPG240,WORKING,20001336638,2021-02-23,YES,US,YES,113.9694317699939,NA,NA,NA
MB 7092,4409F,SPG240,WORKING,20001336750,2021-02-25,YES,US,YES,111.95099579337578,NA,NA,NA
SPGNC,4425F,SPG240,WORKING,20001148584,2021-02-22,YES,US,NO,94.53287133156448,NA,NA,NA
MB 7092,4432G,SPG240,WORKING,20001336891,2021-02-28,YES,TR,NO,104.67093109669491,NA,NA,NA
SPGNC,443H1,SPG120,WORKING,20001148642,2021-02-24,YES,US,NO,108.78378847831797,NA,NA,NA
MB 7092,4478F,SPG240,WORKING,20001336756,2021-02-25,YES,US,YES,116.65836922811847,NA,NA,NA
MB 7092,4479F,SPG240,NONWORKING,20001336655,2021-02-23,YES,TR,NO,111.99114964303712,NA,NA,NA
SPGNC,4516F,SPG240,WORKING,20001148683,2021-02-25,YES,US,YES,117.13212459986639,West Trial,2021-01-25,NA
SPGVA,4520F,SPG240,WORKING,20001174805,2021-02-23,YES,US,YES,111.48552982003262,NA,NA,NA
SPGNC,4527G,SPG240,WORKING,20001148585,2021-02-22,YES,US,NO,97.87723092729998,NA,NA,NA
MB 7092,454E5,SPG240,WORKING,20001336778,2021-02-25,YES,US,YES,99.84136939154811,NA,NA,NA
MB 7092,4565F,SPG240,WORKING,20001336596,2021-02-22,YES,US,YES,106.16675119893891,NA,NA,NA
MB 7092,4568F,SPG240,WORKING,20001336677,2021-02-24,YES,US,YES,103.7821155947571,NA,NA,NA
SPGNC,4654H,SPG110,WORKING,20001148627,2021-02-24,YES,US,NO,114.32980913304986,NA,NA,NA
SPGVA,4673G,SPG240,WORKING,20001174775,2021-02-22,YES,US,NO,99.50948826398968,NA,NA,NA
MB 7092,4674G,SPG240,WORKING,20001336796,2021-02-25,YES,US,YES,96.70439443033916,NA,NA,NA
MB 7092,4714F,SPG240,WORKING,20001336642,2021-02-23,YES,US,YES,131.53303432252952,NA,NA,NA
SPGVA,4791H,SPG110,WORKING,20001174768,2021-02-22,YES,US,NO,104.7305954827103,NA,NA,NA
SPGVA,4844G,SPG110,WORKING,20001174827,2021-02-23,YES,US,NO,120.25396170716257,NA,NA,NA
MB 7092,488E5,SPG240,WORKING,20001336704,2021-02-24,YES,TR,NO,88.31079260715525,NA,NA,NA
MB 7092,4893G,SPG240,WORKING,20001336792,2021-02-25,YES,US,YES,99.62437938721513,NA,NA,NA
SPGNC,4895H,SPG240,WORKING,20001148682,2021-02-25,YES,US,YES,117.27290375035821,West Trial,2021-01-25,NA
SPGVA,4931G,SPG110,WORKING,20001174818,2021-02-23,YES,US,NO,110.95866762262764,NA,NA,NA
SPGVA,5007E,SPG240,WORKING,20001174797,2021-02-23,YES,US,YES,119.31617621223195,NA,NA,NA
MB 7092,5009F,SPG240,WORKING,20001336754,2021-02-25,YES,US,YES,111.78989888792943,NA,NA,NA
SPGNC,5031B,SPG240,WORKING,20001148652,2021-02-24,YES,US,NO,96.18874707204704,NA,NA,NA
SPGVA,5038F,SPG240,WORKING,20001174772,2021-02-22,YES,US,NO,98.69820428094748,CTH,2021-01-25,NA
SPGVA,5049F,SPG240,WORKING,20001174928,2021-02-28,YES,US,YES,104.9009344332588,NA,NA,NA
SPGNC,5052H,SPG240,WORKING,20001148594,2021-02-23,YES,US,YES,118.61382895077432,NA,NA,NA
SPGVA,5065H,SPG240,WORKING,20001174771,2021-02-22,YES,US,NO,97.12876237521678,CTH,2021-01-25,NA
SPGNC,5080E,SPG240,WORKING,20001148709,2021-02-25,YES,US,NO,96.79540886626499,NA,NA,NA
MB 7092,5095F,SPG240,WORKING,20001336787,2021-02-25,YES,US,YES,97.56690233055593,NA,NA,NA
MB 7092,510D9,SPG240,WORKING,20001336584,2021-02-22,YES,US,YES,118.1324364720505,NA,NA,NA
MB 7092,5142B,SPG240,WORKING,20001336935,2021-02-28,YES,US,YES,98.51548547393276,NA,NA,NA
SPGNC,5184B,SPG240,WORKING,20001148569,2021-02-22,YES,US,NO,96.18291836223764,NA,NA,NA
MB 7092,5187H,SPG240,WORKING,20001336605,2021-02-22,YES,US,YES,102.96493649004238,NA,NA,NA
SPGNC,5188H,SPG240,WORKING,20001148681,2021-02-25,YES,US,YES,117.80079477636288,West Trial,2021-01-25,NA
SPGNC,5189H,SPG240,WORKING,20001148609,2021-02-23,YES,US,NO,98.4545104800545,NA,NA,NA
SPGVA,5214G,SPG110,WORKING,20001174816,2021-02-23,YES,TR,NO,107.1173594743231,NA,NA,NA
MB 7092,5217B,SPG240,WORKING,20001336883,2021-02-28,YES,US,YES,104.82449512925223,NA,NA,NA
SPGNC,5219H,SPG110,WORKING,20001148713,2021-02-25,YES,US,NO,107.19203088699501,NA,NA,NA
MB 7092,523J6,SPG240,WORKING,20001336877,2021-02-28,YES,US,YES,114.5393573303897,NA,NA,NA
MB 7092,5264H,SPG240,WORKING,20001336776,2021-02-25,YES,US,YES,104.41422271258585,NA,NA,NA
MB 7092,5288H,SPG240,WORKING,20001336789,2021-02-25,YES,US,YES,100.8527778308545,NA,NA,NA
MB 7092,5294H,SPG240,WORKING,20001336858,2021-02-26,YES,US,YES,106.41500664637122,NA,NA,NA
MB 7092,5325B,SPG240,WORKING,20001336909,2021-02-28,YES,US,YES,100.94565430907475,NA,NA,NA
SPGVA,5386T,SPG110,WORKING,20001174780,2021-02-22,YES,US,NO,112.736548011806,NA,NA,NA
SPGVA,5390E,SPG240,WORKING,20001174923,2021-02-28,YES,US,YES,106.36929611374373,NA,NA,NA
MB 7092,5425B,SPG240,WORKING,20001336702,2021-02-24,YES,TR,NO,98.49245070857052,NA,NA,NA
MB 7092,5437B,SPG240,WORKING,20001336761,2021-02-25,YES,US,YES,108.58415945271196,NA,NA,NA
MB 7092,5439B,SPG240,WORKING,20001336758,2021-02-25,YES,TR,NO,100.59844021674375,NA,NA,NA
SPGVA,5441H,SPG110,WORKING,20001174767,2021-02-22,YES,US,NO,99.8474197252291,NA,NA,NA
MB 7092,5453B,SPG240,WORKING,20001336826,2021-02-26,YES,TR,NO,94.74417552960902,NA,NA,NA
SPGVA,5456H,SPG110,WORKING,20001174825,2021-02-23,YES,US,NO,109.4203034094692,NA,NA,NA
MB 7092,545G7,SPG240,WORKING,20001336895,2021-02-28,YES,US,YES,99.98188781182692,NA,NA,NA
SPGNC,5472H,SPG240,WORKING,20001148650,2021-02-24,YES,US,NO,98.12072167656638,NA,NA,NA
SPGNC,5494H,SPG240,WORKING,20001148711,2021-02-25,YES,US,NO,97.01861261922033,NA,NA,NA
SPGNC,5511E,SPG240,WORKING,20001148739,2021-02-28,YES,TR,NO,109.79279901611005,NA,NA,NA
MB 7092,5512F,SPG240,WORKING,20001336923,2021-02-28,YES,US,YES,99.82310676318038,NA,NA,NA
SPGNC,5535F,SPG240,WORKING,20001148601,2021-02-23,YES,TR,NO,110.38292801288902,NA,NA,NA
SPGNC,5544F,SPG240,WORKING,20001148692,2021-02-25,YES,TR,NO,108.78178872059604,NA,NA,NA
SPGNC,5566E,SPG240,WORKING,20001148600,2021-02-23,YES,US,YES,104.62337251176827,NA,NA,NA
SPGNC,5573G,SPG240,WORKING,20001148610,2021-02-23,YES,US,NO,91.06824052131432,NA,NA,NA
MB 7092,5575G,SPG240,WORKING,20001336893,2021-02-28,YES,US,YES,107.74670401677378,NA,NA,NA
MB 7092,5581E,SPG240,WORKING,20001336611,2021-02-22,YES,TR,NO,97.32500295303296,NA,NA,NA
SPGNC,5594G,SPG240,WORKING,20001148653,2021-02-24,YES,US,NO,88.16341544109969,NA,NA,NA
MB 7092,5617E,SPG240,WORKING,20001336901,2021-02-28,YES,TR,NO,107.15660863097081,NA,NA,NA
SPGVA,5627F,SPG240,WORKING,20001174891,2021-02-25,YES,TR,NO,107.4189813627836,NA,NA,NA
SPGNC,5641E,SPG240,WORKING,20001148693,2021-02-25,YES,TR,NO,102.50774313230025,NA,NA,NA
SPGVA,5643F,SPG240,WORKING,20001174778,2021-02-22,YES,US,NO,100.62344342062285,NA,NA,NA
SPGNC,5668F,SPG240,WORKING,20001148605,2021-02-23,YES,US,NO,100.69326220743173,NA,NA,NA
MB 7092,566H5,SPG240,WORKING,20001336661,2021-02-23,YES,TR,NO,93.73624819826789,NA,NA,NA
MB 7092,5670E,SPG240,WORKING,20001336610,2021-02-22,YES,US,NO,95.59603298722709,NA,NA,NA
SPGVA,5691G,SPG240,WORKING,20001174783,2021-02-22,YES,US,NO,91.81972698423097,CTH,2021-02-01,NA
SPGVA,5743F,SPG240,WORKING,20001174892,2021-02-25,YES,US,YES,106.4454968033184,NA,NA,NA
SPGNC,5774E,SPG240,WORKING,20001148607,2021-02-23,YES,US,NO,97.422064742643,NA,NA,NA
SPGVA,5798F,SPG240,WORKING,20001174842,2021-02-23,YES,US,NO,84.67822819512311,CTH,2021-02-22,NA
SPGVA,58001,PICL02,WORKING,20001174792,2021-02-23,YES,US,YES,NA,NA,NA,NA
SPGVA,58002,PICL02,WORKING,20001174929,2021-02-28,YES,US,YES,NA,NA,NA,NA
SPGVA,58006,PICL02,WORKING,20001174849,2021-02-25,YES,US,YES,NA,NA,NA,NA
SPGVA,58007,PICL02,WORKING,20001174902,2021-02-28,YES,US,YES,NA,NA,NA,NA
SPGVA,58009,PICL02,WORKING,20001174790,2021-02-23,YES,US,YES,NA,NA,NA,NA
SPGVA,5800G,SPG240,WORKING,20001174840,2021-02-23,YES,TR,NO,90.95396998419258,CTH,2021-02-22,NA
SPGVA,58010,PICL02,WORKING,20001174908,2021-02-28,YES,US,YES,NA,NA,NA,NA
SPGVA,58012,PICL02,WORKING,20001174802,2021-02-23,YES,US,YES,NA,NA,NA,NA
SPGVA,58014,PICL02,WORKING,20001174935,2021-02-28,YES,US,YES,NA,NA,NA,NA
SPGVA,58015,PICL02,WORKING,20001174870,2021-02-25,YES,US,YES,NA,NA,NA,NA
SPGVA,58016,PICL02,WORKING,20001174861,2021-02-25,YES,TR,NO,NA,NA,NA,NA
SPGVA,58017,PICL02,WORKING,20001174863,2021-02-25,YES,US,YES,NA,NA,NA,NA
SPGVA,58018,PICL02,WORKING,20001174866,2021-02-25,YES,US,YES,NA,NA,NA,NA
SPGVA,58019,PICL02,WORKING,20001174927,2021-02-28,YES,US,YES,NA,NA,NA,NA
SPGVA,58021,PICL02,WORKING,20001174858,2021-02-25,YES,US,YES,NA,NA,NA,NA
SPGVA,58022,PICL02,WORKING,20001174898,2021-02-28,YES,US,YES,NA,NA,NA,NA
SPGVA,58024,PICL02,WORKING,20001174931,2021-02-28,YES,TR,NO,NA,NA,NA,NA
SPGVA,58027,PICL02,WORKING,20001174869,2021-02-25,YES,US,YES,NA,NA,NA,NA
SPGVA,58028,PICL02,WORKING,20001174937,2021-02-28,YES,US,NO,NA,NA,NA,NA
SPGVA,58029,PICL02,WORKING,20001174911,2021-02-28,YES,US,YES,NA,NA,NA,NA
SPGVA,58030,PICL02,WORKING,20001174905,2021-02-28,YES,US,YES,NA,NA,NA,NA
SPGVA,58035,PICL02,WORKING,20001174918,2021-02-28,YES,US,YES,NA,NA,NA,NA
SPGVA,58039,PICL02,WORKING,20001174914,2021-02-28,YES,US,YES,NA,NA,NA,NA
SPGVA,5803G,SPG240,WORKING,20001174841,2021-02-23,YES,US,NO,85.78470341751975,CTH,2021-02-22,NA
SPGVA,58040,PICL02,WORKING,20001174919,2021-02-28,YES,US,YES,NA,NA,NA,NA
SPGVA,58042,PICL02,WORKING,20001174872,2021-02-25,YES,US,YES,NA,NA,NA,NA
SPGVA,58043,PICL02,WORKING,20001174851,2021-02-25,YES,US,YES,NA,NA,NA,NA
SPGVA,58046,PICL02,WORKING,20001174920,2021-02-28,YES,US,YES,NA,NA,NA,NA
SPGVA,58047,PICL02,WORKING,20001174917,2021-02-28,YES,TR,NO,NA,NA,NA,NA
SPGVA,58048,PICL02,WORKING,20001174796,2021-02-23,YES,US,YES,NA,NA,NA,NA
SPGVA,58050,PICL02,WORKING,20001174800,2021-02-23,YES,US,YES,NA,NA,NA,NA
SPGVA,58051,PICL02,WORKING,20001174788,2021-02-23,YES,US,YES,NA,NA,NA,NA
SPGVA,58054,PICL02,WORKING,20001174798,2021-02-23,YES,US,YES,NA,NA,NA,NA
SPGVA,58057,PICL02,WORKING,20001174794,2021-02-23,YES,US,YES,NA,NA,NA,NA
SPGVA,58059,PICL02,WORKING,20001174855,2021-02-25,YES,US,YES,NA,NA,NA,NA
SPGVA,58060,PICL02,WORKING,20001174901,2021-02-28,YES,US,YES,NA,NA,NA,NA
SPGVA,58063,PICL02,WORKING,20001174922,2021-02-28,YES,US,YES,NA,NA,NA,NA
SPGVA,58064,PICL02,WORKING,20001174852,2021-02-25,YES,US,YES,NA,NA,NA,NA
MB 7092,5807G,SPG240,WORKING,20001336933,2021-02-28,YES,US,YES,99.87908124748938,NA,NA,NA
MB 7092,582J6,SPG240,WORKING,20001336644,2021-02-23,YES,US,YES,108.50675136661772,NA,NA,NA
SPGVA,5845D,SPG120,WORKING,20001174899,2021-02-28,YES,TR,NO,110.06529050691671,CTH,2021-01-18,NA
MB 7092,5848F,SPG240,WORKING,20001336641,2021-02-23,YES,US,YES,113.48166815002155,NA,NA,NA
SPGVA,5850F,SPG240,WORKING,20001174885,2021-02-25,YES,US,YES,109.85813070825245,NA,NA,NA
MB 7092,586H5,SPG240,WORKING,20001336925,2021-02-28,YES,US,YES,99.25526372622942,NA,NA,NA
SPGNC,5898G,SPG240,WORKING,20001148750,2021-02-28,YES,US,YES,105.94177755273392,NA,NA,NA
MB 7092,590J6,SPG240,NONWORKING,20001336647,2021-02-23,YES,TR,NO,101.47735010544436,NA,NA,NA
MB 7092,5975F,SPG240,WORKING,20001336710,2021-02-24,YES,US,NO,91.17399428030612,NA,NA,NA
SPGNC,5976F,SPG240,WORKING,20001148740,2021-02-28,YES,US,YES,108.01625167572877,NA,NA,NA
SPGNC,5991D,SPG120,WORKING,20001148640,2021-02-24,YES,US,NO,109.69904948629953,NA,NA,NA
SPGNC,6024E,SPG240,WORKING,20001148744,2021-02-28,YES,US,YES,106.61131748243061,NA,NA,NA
SPGVA,6028C,SPG240,WORKING,20001174845,2021-02-23,YES,US,NO,93.48419615976859,NA,NA,NA
MB 7092,6080G,SPG240,WORKING,20001336913,2021-02-28,YES,US,YES,101.18749754245539,NA,NA,NA
MB 7092,6081G,SPG240,WORKING,20001336719,2021-02-25,YES,TR,NO,96.6084396572526,NA,NA,NA
SPGNC,6096F,SPG240,WORKING,20001148655,2021-02-24,YES,US,NO,97.45853851771514,NA,NA,NA
MB 7092,6161F,SPG240,WORKING,20001336921,2021-02-28,YES,US,YES,95.37061235855467,NA,NA,NA
SPGNC,6165G,SPG240,WORKING,20001148606,2021-02-23,YES,US,NO,91.15752619906513,NA,NA,NA
MB 7092,616J6,SPG240,WORKING,20001336636,2021-02-23,YES,US,YES,110.68126626763376,NA,NA,NA
SPGVA,6190G,SPG240,WORKING,20001174766,2021-02-22,YES,US,NO,100.82184301494968,CTH,2021-01-25,NA
SPGVA,6190G,SPG240,WORKING,20001174882,2021-02-25,YES,US,YES,100.82184301494968,CTH,2021-01-25,NA
MB 7092,6222G,SPG240,WORKING,20001336795,2021-02-25,YES,US,YES,96.10829881278242,NA,NA,NA
MB 7092,6222G,SPG240,WORKING,20001336941,2021-02-28,YES,US,YES,96.10829881278242,NA,NA,NA
MB 7092,6230F,SPG240,WORKING,20001336880,2021-02-28,YES,US,YES,112.60735011319447,NA,NA,NA
MB 7092,625K1,SPG240,WORKING,20001336873,2021-02-28,YES,US,YES,107.61923399691199,NA,NA,NA
SPGNC,6314E,SPG240,WORKING,20001148747,2021-02-28,YES,US,YES,107.5116535622926,NA,NA,NA
SPGNC,6327D,SPG120,WORKING,20001148643,2021-02-24,YES,US,NO,108.93616933985707,NA,NA,NA
SPGVA,6333C,SPG240,WORKING,20001174843,2021-02-23,YES,US,NO,98.34999817640185,NA,NA,NA
MB 7092,635J6,SPG240,WORKING,20001336765,2021-02-25,YES,US,YES,106.67084441596378,NA,NA,NA
MB 7092,6363E,SPG240,WORKING,20001336842,2021-02-26,YES,TR,NO,90.6029905117392,NA,NA,NA
SPGVA,6366G,SPG240,WORKING,20001174784,2021-02-22,YES,US,NO,75.42491932252459,CTH,2021-02-01,NA
MB 7092,6444F,SPG240,WORKING,20001336709,2021-02-24,YES,TR,NO,95.74085616887444,NA,NA,NA
MB 7092,6454G,SPG240,NONWORKING,20001336658,2021-02-23,YES,TR,NO,95.91900376921683,NA,NA,NA
MB 7092,6469F,SPG240,WORKING,20001336897,2021-02-28,YES,US,YES,101.01531020051904,NA,NA,NA
MB 7092,6522E,SPG240,WORKING,20001336688,2021-02-24,YES,TR,NO,109.67749326913291,NA,NA,NA
MB 7092,6618F,SPG240,WORKING,20001336865,2021-02-26,YES,US,YES,103.68368203122759,NA,NA,NA
MB 7092,6618F,SPG240,WORKING,20001336943,2021-02-28,YES,US,YES,103.68368203122759,NA,NA,NA
SPGVA,6650F,SPG240,WORKING,20001174808,2021-02-23,YES,US,YES,110.17896331558445,NA,NA,NA
MB 7092,6650G,SPG240,WORKING,20001336819,2021-02-26,YES,TR,NO,86.13029472145831,NA,NA,NA
SPGNC,6655G,SPG240,WORKING,20001148686,2021-02-25,YES,US,YES,111.90089175533977,West Trial,2021-01-25,NA
SPGNC,665J8,SPG120,WORKING,20001148644,2021-02-24,YES,US,NO,102.64722578934185,NA,NA,NA
SPGNC,666J4,SPG120,WORKING,20001148576,2021-02-22,YES,US,NO,103.04919197519288,NA,NA,NA
MB 7092,673J6,SPG240,WORKING,20001336728,2021-02-25,YES,TR,NO,93.79857920537614,NA,NA,NA
MB 7092,677H9,SPG240,WORKING,20001336650,2021-02-23,YES,US,YES,98.65847574942734,NA,NA,NA
MB 7092,6796E,SPG240,WORKING,20001336701,2021-02-24,YES,US,YES,98.99897238032744,NA,NA,NA
MB 7092,6810E,SPG240,WORKING,20001336940,2021-02-28,YES,TR,NO,98.00059610859215,NA,NA,NA
MB 7092,6835E,SPG240,WORKING,20001336946,2021-02-28,YES,US,YES,98.42896217672427,NA,NA,NA
SPGNC,6857F,SPG240,WORKING,20001148598,2021-02-23,YES,US,YES,108.68020567874431,NA,NA,NA
SPGNC,6875F,SPG240,WORKING,20001148749,2021-02-28,YES,US,YES,102.6411701879447,NA,NA,NA
SPGVA,6878E,SPG240,WORKING,20001174924,2021-02-28,YES,US,YES,106.1517176327774,NA,NA,NA
MB 7092,689J6,SPG240,WORKING,20001336784,2021-02-25,YES,US,YES,105.55585080947543,NA,NA,NA
MB 7092,6928E,SPG240,WORKING,20001336783,2021-02-25,YES,US,YES,107.34849608644518,NA,NA,NA
SPGNC,6933F,SPG240,WORKING,20001148712,2021-02-25,YES,US,NO,96.55108949692216,NA,NA,NA
MB 7092,6947F,SPG240,WORKING,20001336782,2021-02-25,YES,US,YES,96.96466414571859,NA,NA,NA
SPGVA,6984F,SPG240,WORKING,20001174938,2021-02-28,YES,US,NO,103.21530536707118,NA,NA,NA
MB 7092,6986E,SPG240,WORKING,20001336777,2021-02-25,YES,US,YES,98.48194848066315,NA,NA,NA
SPGNC,7002C,SPG240,WORKING,20001148656,2021-02-24,YES,US,NO,96.89037254630308,NA,NA,NA
MB 7092,7007C,SPG240,WORKING,20001336846,2021-02-26,YES,US,YES,109.11288985113426,NA,NA,NA
SPGNC,7073G,SPG240,WORKING,20001148688,2021-02-25,YES,US,YES,111.66181382493016,West Trial,2021-01-25,NA
MB 7092,7076C,SPG240,WORKING,20001336766,2021-02-25,YES,US,YES,107.05974567436691,NA,NA,NA
SPGVA,7089F,SPG110,WORKING,20001174810,2021-02-23,YES,US,NO,110.39622249592055,NA,NA,NA
MB 7092,7114C,SPG240,WORKING,20001336793,2021-02-25,YES,TR,NO,97.66309586212114,NA,NA,NA
SPGNC,7131C,SPG240,WORKING,20001148657,2021-02-24,YES,US,NO,97.85869025329865,NA,NA,NA
MB 7092,7153C,SPG240,WORKING,20001336898,2021-02-28,YES,US,YES,101.67571027074933,NA,NA,NA
MB 7092,7155C,SPG240,WORKING,20001336662,2021-02-23,YES,TR,NO,95.31250996293876,NA,NA,NA
SPGNC,7163D,SPG110,WORKING,20001148628,2021-02-24,YES,US,NO,104.8064333888365,NA,NA,NA
SPGNC,719G9,SPG120,WORKING,20001148646,2021-02-24,YES,US,NO,98.14461332430638,NA,NA,NA
SPGNC,7215F,SPG120,WORKING,20001148647,2021-02-24,YES,US,NO,95.83068091063261,NA,NA,NA
SPGNC,7313H,SPG110,WORKING,20001148630,2021-02-24,YES,US,NO,108.42231711507488,NA,NA,NA
MB 7092,7351G,SPG240,WORKING,20001336942,2021-02-28,YES,US,YES,104.1628660809092,NA,NA,NA
MB 7092,7351G,SPG240,WORKING,20001336859,2021-02-26,YES,US,YES,104.1628660809092,NA,NA,NA
MB 7092,740H5,SPG240,WORKING,20001336687,2021-02-24,YES,TR,NO,104.48046253727188,NA,NA,NA
SPGNC,7527G,SPG110,WORKING,20001148631,2021-02-24,YES,US,NO,114.70771536734772,NA,NA,NA
SPGVA,7532H,SPG120,WORKING,20001174896,2021-02-28,YES,TR,NO,112.2371754813506,CTH,2021-02-22,NA
SPGVA,7562H,SPG110,WORKING,20001174815,2021-02-23,YES,US,NO,114.38766848696437,NA,NA,NA
SPGNC,7611C,SPG240,WORKING,20001148742,2021-02-28,YES,US,YES,107.13854733066468,NA,NA,NA
MB 7092,761G7,SPG240,WORKING,20001336580,2021-02-22,YES,US,YES,143.2911196040123,NA,NA,NA
SPGVA,7638G,SPG240,WORKING,20001174806,2021-02-23,YES,US,YES,111.06462589367742,NA,NA,NA
SPGNC,7644A,SPG120,WORKING,20001148645,2021-02-24,YES,US,NO,108.31413622355399,NA,NA,NA
SPGVA,7653H,SPG120,WORKING,20001174787,2021-02-23,YES,US,YES,121.11917819423415,CTH,2021-02-22,NA
SPGNC,7657F,SPG110,WORKING,20001148616,2021-02-23,YES,US,NO,114.78437982073619,NA,NA,NA
MB 7092,7670G,SPG240,WORKING,20001336939,2021-02-28,YES,US,YES,99.21361900754833,NA,NA,NA
MB 7092,770E0,SPG240,WORKING,20001336773,2021-02-25,YES,US,YES,105.78012210973876,NA,NA,NA
MB 7092,7741G,SPG240,WORKING,20001336910,2021-02-28,YES,US,YES,102.233174696605,NA,NA,NA
SPGNC,7755G,SPG110,WORKING,20001148629,2021-02-24,YES,US,NO,107.64215465811805,NA,NA,NA
MB 7092,775K1,SPG240,WORKING,20001336681,2021-02-24,YES,US,YES,99.7734844482604,NA,NA,NA
SPGVA,7760G,SPG110,WORKING,20001174824,2021-02-23,YES,US,NO,114.53559843748458,NA,NA,NA
SPGNC,7781H,SPG110,WORKING,20001148632,2021-02-24,YES,US,NO,110.44343343586888,NA,NA,NA
SPGVA,7817H,SPG120,WORKING,20001174812,2021-02-23,YES,US,NO,81.5966821238627,NA,NA,NA
MB 7092,791H9,SPG240,WORKING,20001336834,2021-02-26,YES,US,YES,101.3683412118765,NA,NA,NA
MB 7092,7J504,SPG240,WORKING,20001336794,2021-02-25,YES,US,YES,98.44000205837473,NA,NA,NA
SPGNC,8062H,SPG110,WORKING,20001148638,2021-02-24,YES,US,NO,119.66775897292608,NA,NA,NA
SPGVA,8090G,SPG110,WORKING,20001174819,2021-02-23,YES,US,NO,115.95842163864396,NA,NA,NA
MB 7092,816J6,SPG240,WORKING,20001336675,2021-02-24,YES,US,YES,109.48436181079923,NA,NA,NA
SPGNC,8187D,SPG120,WORKING,20001148639,2021-02-24,YES,US,NO,107.59216192655913,NA,NA,NA
SPGVA,8195G,SPG240,WORKING,20001174921,2021-02-28,YES,US,YES,110.28847264827394,CTH,2020-11-23,NA
SPGVA,8259G,SPG240,WORKING,20001174795,2021-02-23,YES,US,YES,126.27574393259717,NA,NA,NA
SPGNC,8269C,SPG240,WORKING,20001148654,2021-02-24,YES,US,NO,98.20243463798396,NA,NA,NA
MB 7092,8270C,SPG240,WORKING,20001336844,2021-02-26,YES,US,YES,100.87806716104946,NA,NA,NA
SPGNC,8281H,SPG110,WORKING,20001148583,2021-02-22,YES,US,NO,112.89507552747416,NA,NA,NA
MB 7092,8285C,SPG240,WORKING,20001336585,2021-02-22,YES,US,YES,117.30424086191111,NA,NA,NA
MB 7092,8298C,SPG240,WORKING,20001336876,2021-02-28,YES,US,YES,103.78274576632529,NA,NA,NA
SPGNC,8298G,SPG110,WORKING,20001148589,2021-02-23,YES,US,YES,122.01406146241598,NA,NA,NA
MB 7092,8299C,SPG240,WORKING,20001336634,2021-02-23,YES,US,YES,111.58005978409524,NA,NA,NA
MB 7092,8303C,SPG240,WORKING,20001336757,2021-02-25,YES,US,YES,111.69749384203321,NA,NA,NA
MB 7092,8339C,SPG240,WORKING,20001336771,2021-02-25,YES,US,YES,95.10824308819859,NA,NA,NA
SPGNC,8353D,SPG110,WORKING,20001148618,2021-02-23,YES,US,NO,113.28392639908759,NA,NA,NA
MB 7092,8355C,SPG240,WORKING,20001336696,2021-02-24,YES,US,YES,107.79325234548405,NA,NA,NA
SPGVA,8356C,SPG240,WORKING,20001174890,2021-02-25,YES,US,YES,107.91944647563442,NA,NA,NA
SPGNC,8357C,SPG240,WORKING,20001148611,2021-02-23,YES,US,NO,94.54700836208045,NA,NA,NA
SPGNC,8358C,SPG240,WORKING,20001148687,2021-02-25,YES,US,YES,112.32380258928332,West Trial,2021-01-25,NA
MB 7092,8371G,SPG240,WORKING,20001336904,2021-02-28,YES,US,YES,100.5267941495677,NA,NA,NA
MB 7092,8409C,SPG240,WORKING,20001336854,2021-02-26,YES,US,YES,101.67825514478307,NA,NA,NA
MB 7092,8417C,SPG240,WORKING,20001336836,2021-02-26,YES,US,YES,104.43392179845789,NA,NA,NA
MB 7092,8422C,SPG240,NONWORKING,20001336657,2021-02-23,YES,TR,NO,101.00891752455765,NA,NA,NA
MB 7092,8441G,SPG240,WORKING,20001336746,2021-02-25,YES,TR,NO,89.70848543665068,NA,NA,NA
MB 7092,8459C,SPG240,WORKING,20001336594,2021-02-22,YES,US,YES,105.16765449653109,NA,NA,NA
SPGNC,8493G,SPG110,WORKING,20001148617,2021-02-23,YES,US,NO,104.4944102484012,NA,NA,NA
SPGVA,8516G,SPG120,WORKING,20001174781,2021-02-22,YES,US,NO,98.55660261209384,CTH,2020-12-28,NA
SPGVA,8516G,SPG120,WORKING,20001174907,2021-02-28,YES,US,YES,98.55660261209384,CTH,2020-12-28,NA
SPGNC,8623D,SPG120,WORKING,20001148649,2021-02-24,YES,US,NO,101.52802613503559,NA,NA,NA
SPGVA,8624B,SPG110,WORKING,20001174817,2021-02-23,YES,US,NO,121.18782080736436,NA,NA,NA
MB 7092,8627A,SPG240,WORKING,20001336653,2021-02-23,YES,TR,NO,98.98036489870731,NA,NA,NA
MB 7092,8664A,SPG240,WORKING,20001336706,2021-02-24,YES,TR,NO,94.04317889965012,NA,NA,NA
SPGVA,8681G,SPG110,WORKING,20001174820,2021-02-23,YES,US,NO,116.02063162635132,NA,NA,NA
SPGNC,8683H,SPG120,WORKING,20001148580,2021-02-22,YES,US,NO,95.18355610815513,NA,NA,NA
SPGNC,8704D,SPG120,WORKING,20001148577,2021-02-22,YES,US,NO,99.30250425669466,NA,NA,NA
MB 7092,8712A,SPG240,WORKING,20001336764,2021-02-25,YES,US,YES,108.74134876419232,NA,NA,NA
SPGNC,8721D,SPG120,WORKING,20001148641,2021-02-24,YES,US,NO,110.91936351250762,NA,NA,NA
MB 7092,8747A,SPG240,WORKING,20001336654,2021-02-23,YES,US,NO,95.49944074567063,NA,NA,NA
MB 7092,8761A,SPG240,WORKING,20001336856,2021-02-26,YES,US,YES,107.22924243661555,NA,NA,NA
MB 7092,8765A,SPG240,WORKING,20001336875,2021-02-28,YES,US,YES,108.46253350994947,NA,NA,NA
MB 7092,8768A,SPG240,WORKING,20001336689,2021-02-24,YES,TR,NO,122.26072709017686,NA,NA,NA
SPGNC,8784G,SPG110,WORKING,20001148582,2021-02-22,YES,US,NO,111.52584361161904,NA,NA,NA
MB 7092,8789A,SPG240,WORKING,20001336860,2021-02-26,YES,US,YES,100.7276393577943,NA,NA,NA
MB 7092,8796A,SPG240,WORKING,20001336849,2021-02-26,YES,US,YES,100.47511597517466,NA,NA,NA
SPGVA,8799J,SPG110,WORKING,20001174826,2021-02-23,YES,US,NO,128.22502333006773,NA,NA,NA
MB 7092,8839A,SPG240,WORKING,20001336788,2021-02-25,YES,TR,NO,96.34078645455772,NA,NA,NA
SPGVA,8880E,SPG120,WORKING,20001174854,2021-02-25,YES,US,YES,112.83765712610152,CTH,2021-01-25,NA
SPGVA,8905D,SPG120,WORKING,20001174850,2021-02-25,YES,US,YES,121.79022900162904,CTH,2021-02-22,NA
MB 7092,8947J,SPG240,WORKING,20001336886,2021-02-28,YES,TR,NO,99.53383821086379,NA,NA,NA
SPGNC,8950H,SPG120,WORKING,20001148648,2021-02-24,YES,US,NO,102.83410910472948,NA,NA,NA
SPGNC,9028C,SPG120,WORKING,20001148619,2021-02-23,YES,US,NO,96.10573052857711,NA,NA,NA
MB 7092,9063F,SPG240,WORKING,20001336884,2021-02-28,YES,US,YES,107.45000754821172,NA,NA,NA
SPGVA,9075F,SPG110,WORKING,20001174813,2021-02-23,YES,TR,NO,110.84459801819763,NA,NA,NA
SPGNC,9114F,SPG110,WORKING,20001148613,2021-02-23,YES,US,NO,105.93124208161176,NA,NA,NA
SPGNC,9117H,SPG120,WORKING,20001148578,2021-02-22,YES,US,NO,101.10822249077415,NA,NA,NA
MB 7092,913B6,SPG240,WORKING,20001336686,2021-02-24,YES,TR,NO,104.38918102041234,NA,NA,NA
SPGVA,9187F,SPG240,WORKING,20001174883,2021-02-25,YES,US,YES,112.92123254494528,NA,NA,NA
SPGNC,9188C,SPG120,WORKING,20001148579,2021-02-22,YES,US,NO,103.28255143150281,NA,NA,NA
SPGVA,9255F,SPG240,WORKING,20001174880,2021-02-25,YES,US,YES,100.9052025006121,CTH,2021-01-25,NA
SPGVA,9255F,SPG240,WORKING,20001174769,2021-02-22,YES,US,NO,100.9052025006121,CTH,2021-01-25,NA
SPGVA,9265G,SPG120,WORKING,20001174906,2021-02-28,YES,US,YES,103.3811737734104,CTH,2020-12-28,NA
SPGNC,9332H,SPG110,WORKING,20001148581,2021-02-22,YES,US,NO,117.19084235439038,NA,NA,NA
SPGNC,9368G,SPG120,WORKING,20001148624,2021-02-23,YES,US,NO,98.08545947234863,NA,NA,NA
SPGNC,9368H,SPG110,WORKING,20001148614,2021-02-23,YES,US,NO,109.38221792013233,NA,NA,NA
SPGNC,9398H,SPG110,WORKING,20001148636,2021-02-24,YES,US,NO,117.75665591436484,NA,NA,NA
SPGVA,9403J,SPG240,WORKING,20001174862,2021-02-25,YES,TR,NO,82.88759152454054,Nucleus,2021-02-01,NA
SPGVA,9407E,SPG120,WORKING,20001174900,2021-02-28,YES,US,YES,109.18756287880254,CTH,2021-02-22,NA
SPGVA,9416D,SPG120,WORKING,20001174782,2021-02-22,YES,US,NO,99.83968200392101,NA,NA,NA
SPGNC,9456D,SPG110,WORKING,20001148635,2021-02-24,YES,US,NO,110.07098160684714,NA,NA,NA
SPGNC,9503J,SPG240,WORKING,20001148722,2021-02-28,YES,TR,NO,124.90307120103147,Nuc/CTH,2021-02-15,NA
SPGNC,9606B,SPG240,WORKING,20001148596,2021-02-23,YES,US,YES,109.7891938550716,NA,NA,NA
SPGNC,9609A,SPG240,WORKING,20001148603,2021-02-23,YES,US,NO,100.19494380783512,NA,NA,NA
SPGVA,9613F,SPG240,WORKING,20001174844,2021-02-23,YES,US,NO,94.8778179622131,NA,NA,NA
SPGVA,9643G,SPG120,WORKING,20001174848,2021-02-25,YES,TR,NO,113.38560077789265,CTH,2020-12-28,NA
SPGNC,9770E,SPG110,WORKING,20001148634,2021-02-24,YES,US,NO,114.03947456204706,NA,NA,NA
SPGNC,9786G,SPG120,WORKING,20001148694,2021-02-25,YES,TR,NO,118.97505073448839,Nucleus,2021-02-22,NA
MB 7092,9794F,SPG240,WORKING,20001336593,2021-02-22,YES,US,YES,112.98548576199923,NA,NA,NA
MB 7092,9795F,SPG240,WORKING,20001336770,2021-02-25,YES,US,YES,111.02173312362376,NA,NA,NA
MB 7092,9799J,SPG240,WORKING,20001336924,2021-02-28,YES,US,YES,98.43314764246465,NA,NA,NA
MB 7092,9800J,SPG240,WORKING,20001336918,2021-02-28,YES,US,YES,99.87699819724457,NA,NA,NA
SPGVA,9811J,SPG240,WORKING,20001174823,2021-02-23,YES,TR,NO,115.5350819927174,CTH-Semen Test,2021-01-25,NA
SPGNC,9911F,SPG240,WORKING,20001148612,2021-02-23,YES,US,NO,99.96207780302757,NA,NA,NA
SPGNC,9944H,SPG110,WORKING,20001148588,2021-02-23,YES,US,YES,121.07432097004433,NA,NA,NA
MB 7092,9966A,SPG240,WORKING,20001336671,2021-02-24,YES,TR,NO,115.59434874901319,NA,NA,NA
SPGVA,9974F,SPG240,WORKING,20001174886,2021-02-25,YES,US,YES,108.89417413946022,NA,NA,NA
MB 7092,9985F,SPG240,WORKING,20001336729,2021-02-25,YES,TR,NO,82.18608838175857,NA,NA,NA
